County,Public Health Region,La Paz Border Designation,Urban Rural Designation,2015 Population,2016 Population,2017 Population,2018 Population,2019 Population,2020 Population,2021 Population,2022 Population,2023 Population,2024 Population,Assistant Behavioral Analysts and Behavioral Analysts 2020,Assistant Behavioral Analysts and Behavioral Analysts 2021,Assistant Behavioral Analysts and Behavioral Analysts 2022,Assistant Behavioral Analysts and Behavioral Analysts 2023,Assistant Behavioral Analysts and Behavioral Analysts 2024,"Licensed Baccalaureate Social Worker, Licensed Clinical Social Worker, and Licensed Master Social Worker 2015","Licensed Baccalaureate Social Worker, Licensed Clinical Social Worker, and Licensed Master Social Worker 2016","Licensed Baccalaureate Social Worker, Licensed Clinical Social Worker, and Licensed Master Social Worker 2017","Licensed Baccalaureate Social Worker, Licensed Clinical Social Worker, and Licensed Master Social Worker 2018","Licensed Baccalaureate Social Worker, Licensed Clinical Social Worker, and Licensed Master Social Worker 2019","Licensed Baccalaureate Social Worker, Licensed Clinical Social Worker, and Licensed Master Social Worker 2020","Licensed Baccalaureate Social Worker, Licensed Clinical Social Worker, and Licensed Master Social Worker 2021","Licensed Baccalaureate Social Worker, Licensed Clinical Social Worker, and Licensed Master Social Worker 2022","Licensed Baccalaureate Social Worker, Licensed Clinical Social Worker, and Licensed Master Social Worker 2023","Licensed Baccalaureate Social Worker, Licensed Clinical Social Worker, and Licensed Master Social Worker 2024",Licensed Professional Counselor 2015,Licensed Professional Counselor 2016,Licensed Professional Counselor 2017,Licensed Professional Counselor 2018,Licensed Professional Counselor 2019,Licensed Professional Counselor 2020,Licensed Professional Counselor 2021,Licensed Professional Counselor 2022,Licensed Professional Counselor 2023,Licensed Professional Counselor 2024,"Licensed Psychological Associate, Licensed Psychologist, and Provisionally Licensed Psychologist 2015","Licensed Psychological Associate, Licensed Psychologist, and Provisionally Licensed Psychologist 2016","Licensed Psychological Associate, Licensed Psychologist, and Provisionally Licensed Psychologist 2017","Licensed Psychological Associate, Licensed Psychologist, and Provisionally Licensed Psychologist 2018","Licensed Psychological Associate, Licensed Psychologist, and Provisionally Licensed Psychologist 2019","Licensed Psychological Associate, Licensed Psychologist, and Provisionally Licensed Psychologist 2020","Licensed Psychological Associate, Licensed Psychologist, and Provisionally Licensed Psychologist 2021","Licensed Psychological Associate, Licensed Psychologist, and Provisionally Licensed Psychologist 2022","Licensed Psychological Associate, Licensed Psychologist, and Provisionally Licensed Psychologist 2023","Licensed Psychological Associate, Licensed Psychologist, and Provisionally Licensed Psychologist 2024",Licensed Specialist School Psychologist 2015,Licensed Specialist School Psychologist 2016,Licensed Specialist School Psychologist 2017,Licensed Specialist School Psychologist 2018,Licensed Specialist School Psychologist 2019,Licensed Specialist School Psychologist 2020,Licensed Specialist School Psychologist 2021,Licensed Specialist School Psychologist 2022,Licensed Specialist School Psychologist 2023,Licensed Specialist School Psychologist 2024,Marriage and Family Therapist and Marriage and Family Therapist Assistant 2015,Marriage and Family Therapist and Marriage and Family Therapist Assistant 2016,Marriage and Family Therapist and Marriage and Family Therapist Assistant 2017,Marriage and Family Therapist and Marriage and Family Therapist Assistant 2018,Marriage and Family Therapist and Marriage and Family Therapist Assistant 2019,Marriage and Family Therapist and Marriage and Family Therapist Assistant 2020,Marriage and Family Therapist and Marriage and Family Therapist Assistant 2021,Marriage and Family Therapist and Marriage and Family Therapist Assistant 2022,Marriage and Family Therapist and Marriage and Family Therapist Assistant 2023,Marriage and Family Therapist and Marriage and Family Therapist Assistant 2024,Psychiatrist 2015,Psychiatrist 2016,Psychiatrist 2017,Psychiatrist 2018,Psychiatrist 2019,Psychiatrist 2020,Psychiatrist 2021,Psychiatrist 2022,Psychiatrist 2023,Psychiatrist 2024
 Anderson ,PHR 4/5N,Non-Border,Rural,58408,58382,58342,58293,58248,58199,58162,58094,58031,57947,1,2,2,2,2,23,23,27,26,27,30,31,31,32,34,22,24,25,25,25,32,18,19,22,24,5,5,3,4,3,3,3,3,4,5,5,5,5,5,5,6,5,4,2,2,1,1,1,1,1,1,3,1,0,0,3,3,5,4,4,4,4,4,3,3
 Andrews ,PHR 9/10,Non-Border,Rural,17952,18708,19526,20388,21305,22269,23290,24369,25522,26744,0,0,0,0,0,1,1,1,2,2,2,3,2,4,3,2,3,3,3,3,3,3,2,2,2,0,0,0,0,0,0,0,0,0,0,0,0,0,0,1,1,1,1,1,1,0,0,0,0,0,0,0,0,0,0,0,0,0,0,0,0,0,0,0,0
 Angelina ,PHR 4/5N,Non-Border,Rural,88868,89219,89557,89860,90151,90437,90739,91022,91271,91535,9,7,8,9,8,103,102,100,93,97,99,91,86,91,87,71,69,71,71,70,64,60,73,80,81,10,12,13,11,10,8,10,9,10,11,9,9,9,10,8,10,9,8,12,12,3,3,3,3,3,3,5,7,7,6,3,5,6,10,11,12,14,18,15,14
 Aransas ,PHR 11,Non-Border,Urban,25302,25763,26228,26700,27198,27699,28232,28757,29270,29800,1,1,1,1,1,15,15,13,10,10,10,4,6,7,5,19,18,15,14,16,15,9,9,9,10,3,3,4,3,1,1,1,0,0,1,1,1,0,1,1,0,0,2,4,4,1,1,1,1,1,1,0,0,1,1,1,1,1,1,1,1,1,1,2,1
 Archer ,PHR 2/3,Non-Border,Urban,8657,8582,8516,8452,8393,8344,8303,8264,8228,8185,0,0,0,0,1,9,10,11,9,10,10,11,8,7,9,3,3,4,5,6,8,6,4,5,5,2,1,2,0,0,0,0,0,0,0,0,0,0,0,0,0,0,0,0,0,0,0,0,0,0,0,1,0,0,0,0,0,0,0,0,0,0,0,0,0
 Armstrong ,PHR 1,Non-Border,Urban,1942,1951,1952,1954,1951,1948,1946,1947,1950,1953,0,0,0,0,0,1,1,1,1,1,1,0,1,1,1,2,2,1,1,1,1,2,1,1,1,0,0,0,0,0,0,0,0,0,0,0,0,0,1,0,0,0,0,0,0,0,0,0,0,0,0,0,0,0,0,0,0,0,0,0,0,0,0,0,0
 Atascosa ,PHR 8,Non-Border,Suburban,48087,48782,49504,50265,51048,51831,52646,53493,54335,55190,0,1,2,3,3,16,16,14,12,11,12,15,16,16,15,11,11,9,12,11,13,15,20,26,33,1,1,1,1,3,1,1,2,2,2,4,6,7,6,4,4,4,4,6,7,0,0,0,0,0,0,1,1,1,1,3,4,4,4,3,3,4,5,5,5
 Austin ,PHR 6/5S,Non-Border,Suburban,29394,29603,29801,30002,30207,30402,30609,30805,30974,31156,0,1,2,3,3,4,4,3,4,2,3,8,7,8,11,8,6,6,10,10,10,9,9,9,10,1,1,0,0,2,2,1,0,1,0,3,3,1,2,3,2,2,4,4,5,1,1,1,1,1,1,0,0,0,0,0,0,0,0,0,0,1,1,1,1
 Bailey ,PHR 1,Non-Border,Rural,7413,7464,7525,7582,7638,7692,7749,7810,7874,7936,0,0,0,0,0,1,1,1,2,1,0,0,1,1,0,1,1,1,3,4,4,4,4,4,4,0,0,0,0,0,0,0,0,0,0,0,0,0,0,0,0,0,0,0,0,0,0,0,0,0,0,0,0,0,0,0,0,0,0,0,0,0,0,0,0
 Bandera ,PHR 8,Non-Border,Suburban,20830,20912,20992,21083,21174,21246,21318,21389,21466,21519,2,3,4,5,5,2,3,3,3,4,7,8,7,8,9,10,12,14,15,18,18,20,17,19,24,3,4,3,3,1,4,5,2,2,1,2,3,1,3,2,4,3,3,3,3,3,2,0,0,0,0,3,2,2,2,0,0,0,0,0,0,0,0,0,0
 Bastrop ,PHR 7,Non-Border,Suburban,80082,81259,82448,83657,84866,86105,87351,88616,89909,91201,4,4,2,6,8,42,43,42,44,47,51,53,49,60,68,42,44,44,49,50,59,60,63,70,74,12,10,10,9,9,9,11,11,11,14,12,14,13,10,13,12,10,11,11,10,2,3,3,3,2,3,7,6,7,8,1,1,2,1,1,1,2,2,2,2
 Baylor ,PHR 2/3,Non-Border,Rural,3659,3650,3645,3640,3629,3624,3620,3617,3621,3611,0,1,1,1,1,2,1,1,1,1,1,2,2,1,0,2,2,2,2,2,2,2,2,2,2,0,0,0,0,0,0,0,0,0,0,0,0,0,0,0,0,0,0,0,0,0,0,0,0,0,0,0,0,0,0,0,0,0,0,0,0,0,0,0,0
 Bee ,PHR 11,Non-Border,Rural,33099,33379,33657,33924,34195,34445,34694,34943,35184,35408,0,0,0,0,0,6,7,8,8,9,9,7,6,6,7,11,12,13,14,14,12,13,13,12,13,2,1,1,1,1,1,1,1,1,1,0,0,0,0,0,2,1,1,1,1,1,1,1,1,1,1,0,0,1,1,0,0,0,0,0,0,0,0,0,0
 Bell ,PHR 7,Non-Border,Urban,332820,337015,341136,345285,349441,353629,357856,362136,366458,370791,55,72,73,85,91,436,439,458,473,476,498,441,471,494,541,256,282,292,326,352,384,369,375,386,405,83,83,83,87,91,91,88,84,83,79,31,26,26,28,32,38,45,48,51,50,68,65,68,76,77,85,86,80,87,95,32,31,32,37,38,41,47,43,40,39
 Bexar ,PHR 8,Non-Border,Urban,1897850,1935868,1974510,2013625,2053260,2093502,2133664,2174191,2214963,2255958,197,245,296,354,394,1791,1836,1897,1941,1977,1981,1965,2068,2130,2315,1523,1615,1695,1799,1895,2092,1938,2062,2181,2320,521,542,545,555,577,575,575,582,589,594,358,370,394,401,415,434,459,481,491,497,284,290,281,292,292,305,277,287,304,321,193,196,201,199,225,223,221,222,238,239
 Blanco ,PHR 7,Non-Border,Rural,10988,11094,11201,11303,11393,11504,11609,11694,11804,11913,0,1,1,0,0,4,4,5,5,5,6,7,6,6,6,4,4,5,5,5,5,8,5,7,6,2,3,2,2,2,2,2,0,0,0,4,5,4,3,2,2,2,3,3,2,0,0,0,0,0,0,0,0,0,0,0,0,0,0,0,0,0,0,0,0
 Borden ,PHR 1,Non-Border,Rural,660,667,669,675,681,685,692,698,700,702,0,0,0,0,0,0,0,0,0,0,0,0,0,0,0,0,0,0,0,0,0,0,0,0,0,0,0,0,0,0,0,0,0,0,0,0,0,0,0,0,0,0,0,0,0,0,0,0,0,0,0,0,0,0,0,0,0,0,0,0,0,0,0,0,0
 Bosque ,PHR 7,Non-Border,Rural,17952,17909,17875,17828,17793,17765,17729,17682,17633,17576,0,0,0,1,1,9,8,8,7,8,9,12,9,12,14,5,5,5,6,7,7,6,10,10,11,2,2,2,2,2,1,1,1,1,1,2,2,2,3,3,1,1,1,2,2,0,0,0,0,0,0,0,0,0,0,0,0,0,0,0,0,0,0,0,0
 Bowie ,PHR 4/5N,Non-Border,Urban,92594,92597,92598,92615,92596,92570,92534,92441,92377,92331,1,1,0,0,1,45,46,45,44,45,49,45,50,48,50,55,58,58,58,58,62,70,78,82,86,9,10,8,11,11,10,8,8,6,4,6,6,5,5,4,3,3,4,4,4,8,6,4,4,3,3,2,3,4,5,5,5,6,6,6,6,6,5,5,5
 Brazoria ,PHR 6/5S,Non-Border,Suburban,343497,349762,356123,362609,369156,375869,382793,389844,397126,404564,24,32,41,53,58,149,156,165,168,177,187,250,214,248,265,149,153,170,185,201,232,254,226,266,297,27,25,27,25,29,27,30,36,45,47,53,59,61,67,69,66,64,62,62,66,34,31,30,35,33,28,33,30,35,38,11,13,15,15,15,16,15,12,18,14
 Brazos ,PHR 7,Non-Border,Urban,209233,213043,217040,221079,225224,229410,233503,237611,241769,245955,13,15,17,23,25,93,99,99,101,102,100,99,98,109,114,116,117,117,132,139,160,154,159,174,188,88,92,94,98,94,98,98,95,97,102,42,41,36,37,38,38,36,43,46,47,29,29,28,29,32,34,34,40,41,41,8,8,9,8,7,11,10,7,7,8
 Brewster ,PHR 9/10,Border,Rural,9228,9214,9204,9192,9157,9133,9100,9067,9033,9002,0,0,0,0,0,5,2,2,2,3,3,3,4,3,3,14,13,14,15,15,13,12,12,17,16,3,2,2,2,2,2,1,1,1,1,2,1,1,1,1,1,1,1,1,1,0,0,0,0,0,0,0,0,0,0,1,1,1,1,0,0,0,0,0,0
 Briscoe ,PHR 1,Non-Border,Rural,1593,1587,1582,1576,1572,1568,1563,1556,1546,1537,0,0,0,0,0,0,0,0,0,0,0,0,0,0,0,0,0,0,0,0,0,0,0,0,0,0,0,0,0,0,0,0,0,0,0,0,0,0,0,0,0,0,0,0,0,0,0,0,0,0,0,0,0,0,0,0,0,0,0,0,0,0,0,0,0
 Brooks ,PHR 11,Border,Rural,7213,7203,7195,7187,7178,7175,7160,7153,7144,7138,0,0,0,0,0,1,1,1,0,0,0,0,0,0,1,1,1,1,0,0,0,0,1,3,4,0,0,0,0,0,0,0,0,0,0,0,0,0,0,0,0,0,1,2,1,0,0,0,0,0,0,0,0,0,0,0,0,0,0,0,0,0,0,0,0
 Brown ,PHR 2/3,Non-Border,Rural,38590,38686,38758,38827,38873,38923,38962,38984,38996,38992,0,0,0,0,0,45,43,43,42,40,43,39,33,39,43,42,41,44,45,45,49,47,49,50,46,5,5,5,5,3,2,2,2,2,3,4,3,2,2,4,6,5,4,6,5,3,2,2,2,2,2,3,1,3,3,1,1,1,1,1,1,1,1,1,2
 Burleson ,PHR 7,Non-Border,Urban,17458,17507,17551,17589,17649,17718,17782,17841,17912,17980,1,1,1,1,1,0,0,0,1,2,0,2,3,2,2,0,0,0,0,0,0,6,6,6,6,1,1,1,1,1,1,1,1,1,1,1,1,1,1,1,1,1,1,1,1,0,0,0,0,0,0,0,0,0,0,0,0,0,0,0,0,0,0,0,0
 Burnet ,PHR 7,Non-Border,Rural,45389,45948,46513,47080,47634,48196,48769,49329,49893,50447,1,1,3,3,5,22,24,24,25,20,21,16,21,24,24,16,19,19,23,24,25,34,35,35,37,7,8,6,5,5,4,4,6,7,5,5,5,6,6,8,8,8,8,8,6,4,4,4,4,3,4,9,9,12,10,1,1,0,0,1,3,1,1,3,3
 Caldwell ,PHR 7,Non-Border,Suburban,41044,41678,42322,42953,43618,44284,44960,45617,46261,46919,0,0,0,0,2,24,23,26,25,26,25,31,29,27,30,12,14,16,18,21,20,22,24,22,27,5,5,5,5,6,5,6,5,3,3,6,6,7,6,7,5,9,6,5,4,1,2,2,2,2,2,2,0,0,1,0,0,0,0,0,0,0,0,0,0
 Calhoun ,PHR 8,Non-Border,Urban,22144,22287,22436,22570,22707,22840,22948,23065,23166,23277,0,0,0,0,0,7,7,6,5,5,4,7,7,9,8,7,8,11,10,9,13,6,5,7,7,0,0,0,0,0,1,1,1,0,0,1,0,0,1,1,1,1,2,2,2,0,0,0,0,0,1,1,0,0,0,0,0,0,0,0,0,0,0,0,0
 Callahan ,PHR 2/3,Non-Border,Urban,13463,13447,13442,13437,13454,13456,13465,13478,13494,13508,1,2,2,3,3,11,9,10,9,9,7,6,5,5,5,5,5,4,5,4,5,9,6,8,7,0,1,1,1,1,1,0,0,1,1,0,0,0,0,0,0,0,1,1,0,0,0,0,0,0,1,2,2,2,2,0,0,0,1,1,1,1,1,1,1
 Cameron ,PHR 11,Border,Urban,418541,420614,422582,424462,426216,427881,429514,431026,432436,433732,10,12,16,17,20,190,195,201,203,207,213,218,230,246,267,115,129,145,168,192,226,222,245,264,281,21,20,24,22,27,28,26,28,25,21,25,26,28,27,29,33,39,40,38,38,10,11,11,10,12,12,15,16,16,17,20,20,19,19,16,20,19,19,20,21
 Camp ,PHR 4/5N,Non-Border,Rural,12863,12957,13047,13145,13231,13322,13411,13515,13609,13712,0,0,0,0,0,5,6,5,5,5,5,5,5,3,3,5,6,6,5,5,5,0,1,7,8,0,0,0,0,0,0,0,0,0,0,0,0,0,1,1,2,2,0,1,1,1,1,1,1,1,0,0,0,0,0,0,0,0,0,0,0,0,0,0,1
 Carson ,PHR 1,Non-Border,Urban,5952,5906,5877,5848,5832,5799,5787,5768,5748,5729,0,0,0,0,0,0,0,0,0,1,2,4,3,3,2,1,1,2,2,2,2,0,1,3,4,0,0,0,0,0,0,0,0,0,0,0,0,0,0,0,0,0,0,0,0,0,0,0,0,0,0,0,0,0,0,0,0,0,0,0,0,0,0,0,0
 Cass ,PHR 4/5N,Non-Border,Rural,30486,30472,30442,30399,30365,30327,30269,30203,30123,30029,0,0,0,0,0,9,10,10,11,11,11,9,6,6,7,8,6,9,10,11,13,11,11,13,13,0,0,0,0,0,0,0,1,0,0,0,0,0,0,0,0,0,0,0,0,0,0,0,0,0,0,0,0,0,0,0,0,1,1,1,1,1,1,0,0
 Castro ,PHR 1,Non-Border,Rural,7549,7458,7365,7275,7190,7103,7024,6938,6852,6758,0,0,0,0,0,0,0,0,0,1,2,1,1,1,2,2,2,2,3,3,3,1,1,1,1,1,1,1,1,1,1,1,1,0,1,0,0,0,0,0,0,0,0,0,0,0,0,0,0,0,0,0,0,0,0,0,0,0,0,0,0,0,0,0,0
 Chambers ,PHR 6/5S,Non-Border,Suburban,38356,39083,39835,40629,41451,42320,43243,44194,45161,46162,1,1,1,1,2,4,5,4,6,5,5,12,11,13,11,7,8,8,8,10,10,11,14,15,19,1,1,1,1,1,1,1,1,1,2,4,4,3,4,6,7,6,6,6,7,1,1,1,1,1,1,3,2,1,2,1,1,1,0,0,0,0,0,0,0
 Cherokee ,PHR 4/5N,Non-Border,Rural,51614,51738,51873,51985,52090,52178,52263,52350,52396,52445,1,2,3,4,3,56,55,50,51,48,46,39,34,37,40,33,33,36,33,33,34,29,29,33,36,13,13,14,17,18,14,13,13,10,9,4,3,3,5,7,7,5,5,5,4,3,3,2,2,2,2,5,2,2,2,16,12,12,15,14,13,15,16,16,14
 Childress ,PHR 1,Non-Border,Rural,7071,7079,7079,7078,7068,7062,7053,7045,7035,7028,0,0,0,0,0,2,2,2,2,2,2,3,3,2,3,2,2,2,3,2,3,2,3,2,2,0,0,0,0,0,0,0,0,0,0,0,0,0,0,1,1,1,0,0,0,1,1,1,1,1,1,0,0,0,0,0,0,0,0,0,0,0,0,0,0
 Clay ,PHR 2/3,Non-Border,Urban,10260,10169,10075,9984,9885,9787,9693,9584,9473,9357,0,0,0,0,0,2,2,2,2,2,2,7,8,7,6,2,3,3,6,6,6,6,5,6,6,2,2,1,1,0,0,0,0,0,0,2,2,1,1,1,1,1,1,1,1,0,0,0,0,0,0,0,2,2,2,0,0,0,0,0,0,0,0,0,0
 Cochran ,PHR 1,Non-Border,Rural,3189,3219,3251,3279,3315,3348,3371,3402,3426,3449,0,0,0,0,0,2,2,2,2,1,1,0,0,1,1,2,2,2,2,2,2,0,0,0,0,0,0,0,0,0,0,0,0,0,0,0,0,0,0,0,0,0,0,0,0,0,0,0,0,0,0,0,0,0,0,0,0,0,0,0,0,0,0,0,0
 Coke ,PHR 9/10,Non-Border,Rural,3268,3257,3246,3236,3226,3215,3205,3201,3199,3188,0,0,0,0,0,2,3,3,2,3,3,3,1,0,0,3,3,3,3,2,2,0,0,0,0,0,0,0,0,0,0,0,0,0,0,0,0,0,0,0,0,0,0,0,0,0,0,0,0,0,0,0,0,0,0,0,0,0,0,0,0,0,0,0,0
 Coleman ,PHR 2/3,Non-Border,Rural,8696,8656,8609,8569,8527,8478,8443,8406,8373,8345,0,0,0,0,0,2,2,2,2,2,2,2,1,2,2,2,2,1,1,1,1,3,2,1,2,0,0,0,0,0,0,0,0,0,0,1,0,0,0,0,0,0,0,0,1,0,0,0,0,0,0,0,0,0,0,0,0,0,0,0,0,0,0,0,0
 Collin ,PHR 2/3,Non-Border,Suburban,904421,930091,956327,983202,1010828,1039369,1069017,1099759,1131673,1164788,126,153,181,231,274,533,577,626,654,681,703,848,871,934,1016,729,802,871,970,1021,1153,1247,1354,1461,1577,218,213,231,232,242,247,255,278,295,294,117,115,121,129,134,147,151,162,186,190,117,125,140,139,146,159,187,199,225,236,62,67,74,83,91,104,119,154,206,231
 Collingsworth ,PHR 1,Non-Border,Rural,3106,3127,3151,3172,3188,3210,3227,3255,3276,3296,0,0,0,0,0,1,1,1,0,0,0,1,1,1,1,1,1,1,1,2,2,2,2,2,2,0,0,0,0,0,0,0,0,0,0,0,0,0,0,0,0,0,0,0,0,0,0,0,0,0,0,0,0,0,0,0,0,0,0,0,0,0,0,0,1
 Colorado ,PHR 6/5S,Non-Border,Rural,21046,21097,21145,21199,21239,21273,21318,21353,21376,21391,1,1,1,1,1,5,5,4,4,4,4,7,9,7,8,1,1,1,3,4,4,5,4,8,9,2,2,2,1,1,0,0,1,1,1,3,3,3,2,3,3,3,2,4,4,0,0,0,0,0,0,0,0,0,0,0,0,0,0,0,0,0,0,0,0
 Comal ,PHR 8,Non-Border,Suburban,126054,129967,134065,138302,142701,147330,152183,157195,162442,167889,10,15,26,30,33,126,128,125,134,135,136,173,175,186,210,96,115,123,135,144,156,199,190,216,248,25,22,23,27,25,30,29,27,28,32,21,24,24,24,27,32,34,39,40,45,13,14,13,14,16,17,31,36,44,42,9,9,10,10,8,7,7,9,10,10
 Comanche ,PHR 2/3,Non-Border,Rural,13521,13437,13346,13260,13173,13075,12980,12878,12767,12652,0,0,0,0,0,11,11,11,10,10,11,13,14,11,13,6,6,7,7,7,5,4,4,3,3,1,1,1,1,1,1,1,1,1,1,1,1,1,1,1,1,1,1,1,1,0,0,0,0,0,0,2,2,1,0,0,0,0,0,0,0,0,0,0,0
 Concho ,PHR 9/10,Non-Border,Rural,4102,4119,4124,4132,4136,4147,4149,4153,4160,4157,0,0,0,0,0,0,0,0,0,0,0,1,0,1,3,0,0,0,0,0,0,0,0,1,1,0,0,0,0,0,0,0,0,0,0,0,0,0,0,0,0,0,0,0,0,1,1,1,1,1,1,0,0,0,0,0,0,0,0,0,0,0,0,0,1
 Cooke ,PHR 2/3,Non-Border,Rural,39082,39215,39339,39470,39595,39727,39847,39967,40085,40187,0,0,1,1,1,16,14,17,19,21,20,24,21,19,22,14,15,20,21,22,27,17,17,17,20,6,5,5,4,3,4,4,3,3,2,1,1,2,2,2,2,1,0,0,1,2,2,2,2,2,2,3,4,6,5,0,0,0,0,0,0,0,0,0,0
 Coryell ,PHR 7,Non-Border,Urban,76750,77013,77317,77622,77978,78317,78703,79108,79516,79893,4,5,4,2,3,42,42,48,49,53,54,54,70,84,75,44,39,42,51,55,62,62,69,69,72,3,4,8,6,3,5,5,5,4,5,6,6,6,7,8,4,6,8,6,10,8,9,8,8,10,10,3,8,9,10,0,1,1,0,0,0,0,0,0,1
 Cottle ,PHR 2/3,Non-Border,Rural,1503,1507,1514,1512,1515,1510,1507,1510,1513,1520,0,0,0,0,0,0,1,1,0,0,0,0,0,0,0,0,0,0,0,0,0,0,0,0,0,0,0,0,0,0,0,0,0,0,0,0,0,0,0,0,0,0,0,0,0,0,0,0,0,0,0,0,0,0,0,0,0,0,0,0,0,0,0,0,0
 Crane ,PHR 9/10,Non-Border,Rural,5190,5376,5577,5783,5991,6209,6434,6667,6908,7145,0,0,0,0,0,0,0,0,0,0,0,0,0,0,0,0,0,0,0,0,0,0,0,0,0,0,0,0,0,0,0,0,0,0,0,0,0,0,0,0,0,0,0,0,0,0,0,0,0,0,0,0,0,0,0,0,0,0,0,0,0,0,0,0,0
 Crockett ,PHR 9/10,Border,Rural,3887,3922,3953,3982,4010,4040,4071,4088,4110,4128,0,0,0,0,0,0,0,0,0,0,0,0,0,0,0,1,1,1,1,1,1,1,1,1,1,0,0,0,0,0,0,0,0,0,0,0,0,0,0,0,0,0,0,0,0,0,0,0,0,0,0,1,1,1,1,0,0,0,0,0,0,0,0,0,0
 Crosby ,PHR 1,Non-Border,Urban,6235,6274,6326,6363,6413,6464,6509,6547,6582,6619,0,0,0,0,0,3,3,3,4,5,5,2,1,1,2,3,3,2,2,2,5,3,3,3,2,0,0,0,0,0,0,0,0,0,0,0,0,0,0,0,0,0,0,1,3,0,0,0,0,0,0,1,0,0,0,0,0,0,0,0,0,0,0,0,0
 Culberson ,PHR 9/10,Border,Rural,2319,2306,2288,2275,2261,2245,2229,2212,2191,2169,0,0,0,0,0,0,0,0,0,1,1,1,0,0,0,0,0,0,0,0,0,0,0,1,1,0,0,0,0,0,0,0,0,0,0,0,0,0,0,0,0,0,0,0,0,0,0,0,0,0,0,0,0,0,0,0,0,0,0,0,0,0,0,0,1
 Dallam ,PHR 1,Non-Border,Rural,6943,6993,7060,7112,7173,7237,7301,7353,7414,7479,0,0,0,0,0,2,2,2,1,1,1,1,1,0,1,0,0,0,0,0,0,1,1,1,1,0,0,0,0,0,0,0,0,0,0,0,0,0,0,0,0,0,0,0,0,0,0,0,0,0,0,0,0,0,0,0,0,0,0,0,0,0,0,0,0
 Dallas ,PHR 2/3,Non-Border,Urban,2551029,2587530,2624075,2660715,2697424,2734111,2771223,2808441,2845619,2882853,132,164,186,214,242,2290,2342,2411,2452,2505,2531,2169,2354,2466,2630,2105,2188,2246,2413,2525,2757,2222,2374,2490,2639,737,753,745,758,777,780,778,774,775,780,227,223,239,247,236,232,240,238,236,253,391,379,372,372,382,378,319,353,390,406,279,289,288,294,290,304,314,304,317,356
 Dawson ,PHR 1,Non-Border,Rural,13671,13666,13644,13629,13611,13592,13567,13543,13528,13513,1,1,1,0,0,5,4,6,7,7,7,3,2,2,2,3,3,3,2,2,2,2,2,2,2,0,0,0,0,0,0,0,0,0,0,0,0,0,0,0,0,0,0,0,0,0,0,0,0,0,0,0,0,0,0,0,0,0,0,0,0,0,0,0,0
 De Witt ,PHR 8,Non-Border,Rural,20855,21030,21199,21374,21573,21737,21907,22078,984554,1015995,0,0,0,284,303,492,517,544,573,607,614,698,691,757,810,649,689,740,821,895,1016,1012,987,1054,1155,177,186,181,183,185,198,200,197,214,222,110,121,116,127,119,125,127,135,138,155,103,105,108,121,133,137,158,171,190,219,31,31,39,39,46,48,48,55,55,54
 Deaf Smith ,PHR 1,Non-Border,Rural,18697,18578,18470,18352,18255,18143,18043,17955,22238,22398,0,0,0,0,0,10,9,9,9,9,9,6,4,4,5,8,8,9,10,10,13,11,13,11,10,1,1,1,1,2,2,3,2,2,2,1,1,1,0,1,1,2,1,1,1,0,0,0,0,0,0,0,0,0,0,0,0,0,0,0,0,0,0,0,0
 Delta ,PHR 4/5N,Non-Border,Suburban,5299,5323,5340,5355,5366,5367,5370,5375,17865,17786,0,0,0,0,0,12,14,14,13,13,13,8,6,7,7,5,5,5,5,5,5,3,4,5,5,0,0,0,0,0,0,0,0,0,0,0,0,0,1,0,0,1,1,1,1,1,0,1,0,1,1,0,0,0,0,0,0,0,0,0,0,0,0,0,0
 Denton ,PHR 2/3,Non-Border,Suburban,771688,795196,819532,844707,870845,897953,925643,954471,5382,5375,187,213,248,0,0,2,1,1,1,0,1,1,1,3,4,1,1,1,2,3,3,4,1,0,1,0,0,0,0,0,0,0,0,0,0,0,0,0,0,0,0,0,0,0,0,1,1,1,1,1,1,1,1,0,0,0,0,0,0,0,0,0,0,0,0
 Dickens ,PHR 1,Non-Border,Rural,2258,2234,2223,2204,2188,2174,2149,2126,2101,2082,0,0,0,0,0,1,1,2,2,1,1,0,0,0,0,0,0,0,0,0,0,1,0,0,0,0,0,0,0,0,0,0,0,0,0,0,0,0,0,0,0,0,0,0,0,0,0,0,0,0,0,0,0,0,0,0,0,0,0,0,0,0,0,0,0
 Dimmit ,PHR 8,Border,Rural,10769,10955,11140,11335,11533,11743,11974,12197,12426,12652,0,0,0,0,0,1,1,1,1,1,1,2,1,2,2,4,3,3,3,2,2,4,3,3,4,0,0,0,0,0,0,0,0,0,0,0,0,0,0,0,0,0,0,0,0,0,0,0,0,0,0,0,0,0,0,0,0,0,0,0,0,0,0,0,0
 Donley ,PHR 1,Non-Border,Rural,3524,3509,3488,3461,3440,3410,3386,3357,3325,3301,0,0,0,0,0,2,2,2,2,2,2,2,3,2,0,0,0,0,0,0,0,0,0,1,1,0,0,0,0,0,0,0,0,0,0,0,0,0,0,0,0,0,0,0,0,0,0,0,0,0,0,0,0,0,0,0,0,0,0,0,0,0,0,0,0
 Duval ,PHR 11,Border,Rural,11824,11836,11822,11814,11803,11796,11771,11727,11698,11658,0,0,0,0,0,2,2,2,2,2,2,0,0,0,2,2,2,2,3,3,3,2,0,1,2,0,0,0,0,0,0,0,0,0,0,0,0,0,0,0,0,0,0,1,1,0,0,0,0,0,0,0,0,0,0,0,0,0,0,0,0,0,0,0,0
 Eastland ,PHR 2/3,Non-Border,Rural,18411,18379,18357,18307,18261,18205,18149,18087,18022,17956,0,0,0,0,1,10,10,10,9,10,11,8,7,8,5,11,11,10,13,12,12,8,6,7,7,0,0,0,0,0,0,0,0,0,0,0,0,1,1,1,1,1,1,2,2,1,1,1,1,1,1,1,1,2,3,0,0,0,0,0,0,0,0,0,0
 Ector ,PHR 9/10,Non-Border,Urban,158753,163571,168589,173797,179208,184841,190713,196837,203192,209823,1,2,1,1,2,48,50,45,45,43,40,37,38,32,41,60,60,61,65,66,64,63,59,56,59,12,12,11,10,9,7,7,7,6,4,4,3,3,4,4,3,3,2,2,3,4,2,1,1,1,1,0,0,1,2,3,4,4,4,3,3,3,3,4,4
 Edwards ,PHR 8,Border,Rural,1997,2002,2009,2012,2004,1991,1979,1965,1953,1947,0,0,0,0,0,0,0,0,0,0,0,0,0,0,0,0,1,0,1,1,1,0,0,0,0,0,0,0,0,0,0,0,0,0,0,0,0,0,0,0,0,0,0,0,0,0,0,0,0,0,0,0,0,0,0,0,0,0,0,0,0,0,0,0,0
 El Paso ,PHR 9/10,Border,Urban,839545,847036,854479,861806,869040,876120,883160,890020,187001,190181,33,46,53,22,28,66,74,87,91,101,106,146,149,153,178,108,109,123,131,139,150,165,174,182,206,6,8,9,10,11,11,11,12,10,13,7,6,8,7,11,10,14,16,16,14,11,9,11,10,12,11,13,11,10,15,2,2,3,5,4,3,2,2,2,3
 Ellis ,PHR 2/3,Non-Border,Suburban,163301,166103,168947,171816,174749,177721,180752,183842,896675,903116,9,14,17,61,65,573,596,629,665,685,699,703,718,743,832,327,358,398,455,487,539,499,524,566,615,53,54,53,59,58,57,53,54,58,65,34,36,35,35,38,40,39,47,45,48,49,47,43,44,42,41,41,40,43,41,40,43,38,35,39,47,51,46,48,48
 Erath ,PHR 2/3,Non-Border,Rural,39471,39847,40231,40662,41086,41526,41950,42363,42775,43181,3,3,4,4,5,28,27,29,24,26,28,23,28,30,32,36,41,43,47,48,56,34,36,37,40,3,3,3,2,2,2,2,2,2,2,1,1,3,2,2,3,4,4,2,3,5,4,4,5,5,3,4,5,4,4,0,0,0,0,0,0,0,0,0,0
 Falls ,PHR 7,Non-Border,Rural,17223,17092,16972,16835,16712,16603,16493,16390,16285,16183,2,2,2,2,1,8,8,8,8,8,8,10,9,7,6,8,8,7,7,7,8,1,0,3,4,1,1,1,0,0,1,1,1,1,1,1,1,0,0,1,1,1,1,1,1,0,0,0,0,0,0,0,0,0,0,0,0,0,0,0,0,0,0,0,0
 Fannin ,PHR 2/3,Non-Border,Rural,34231,34293,34370,34459,34524,34597,34671,34720,34753,34778,0,0,0,0,0,37,36,35,36,38,40,37,43,46,51,11,11,9,12,12,13,13,14,9,11,5,4,4,3,4,3,3,3,3,3,1,1,2,2,3,2,2,2,2,2,2,2,2,2,1,2,3,4,4,3,0,0,0,0,0,0,0,0,0,0
 Fayette ,PHR 7,Non-Border,Rural,25219,25383,25545,25722,25900,26086,26272,26452,26642,26834,0,0,0,0,0,9,8,9,10,10,11,10,10,12,12,4,5,6,6,6,5,10,11,12,14,2,2,3,4,4,3,3,3,2,1,1,1,2,3,3,3,2,2,1,1,0,0,0,0,0,0,0,0,1,2,0,0,0,0,0,1,1,1,1,2
 Fisher ,PHR 2/3,Non-Border,Rural,3963,3969,3979,3985,3983,3985,3980,3979,3980,3979,1,0,0,0,0,1,1,1,1,1,1,1,0,0,0,0,0,3,3,3,3,0,0,0,0,0,0,0,0,1,1,1,1,1,1,0,0,0,0,0,0,0,0,0,0,0,0,0,0,0,0,0,0,0,0,0,0,0,0,0,0,0,0,0,0
 Floyd ,PHR 1,Non-Border,Rural,6031,5980,5928,5886,5834,5786,5743,5687,5645,5595,0,0,0,0,0,3,2,2,2,2,2,1,2,1,1,3,3,3,3,3,3,1,1,1,1,0,0,0,0,0,0,0,0,0,0,0,0,1,1,0,1,1,1,1,1,0,0,0,0,0,0,0,0,0,0,0,0,0,0,0,0,0,0,0,0
 Foard ,PHR 2/3,Non-Border,Rural,1270,1265,1256,1248,1240,1240,1238,1232,1234,1231,0,0,0,0,0,3,3,2,2,3,3,1,1,1,1,0,0,0,0,0,0,0,0,2,1,1,1,1,0,0,0,0,0,0,0,0,0,0,0,0,0,0,0,0,0,0,0,0,0,0,0,0,0,0,0,0,0,0,0,0,0,0,0,0,0
 Fort Bend ,PHR 6/5S,Non-Border,Suburban,702044,727754,754361,781965,810619,840383,871351,903484,936811,971347,100,121,137,151,180,384,396,421,428,457,483,636,607,649,682,352,389,429,500,533,632,653,653,701,767,105,107,114,120,116,118,121,119,130,139,123,127,128,128,132,136,149,164,175,179,64,70,78,78,82,80,84,96,101,110,37,44,44,46,49,56,59,63,75,80
 Franklin ,PHR 4/5N,Non-Border,Rural,10730,10763,10802,10847,10885,10924,10954,10977,10996,11012,0,0,0,0,1,2,4,6,7,6,6,8,5,4,6,4,3,3,3,4,3,7,7,7,7,0,0,0,1,1,1,1,1,1,1,0,0,0,0,0,0,0,1,1,2,0,0,0,0,0,0,0,0,0,0,0,0,0,0,0,0,0,0,0,0
 Freestone ,PHR 7,Non-Border,Rural,19847,19863,19863,19872,19879,19860,19865,19860,19844,19838,1,0,0,0,0,2,2,1,1,1,1,2,2,4,5,6,6,6,6,6,6,2,2,1,3,1,2,1,1,1,1,1,0,0,0,0,0,0,0,0,0,1,1,2,2,1,1,1,1,1,1,0,0,0,0,0,0,0,0,0,0,0,0,0,0
 Frio ,PHR 8,Border,Rural,18565,18850,19130,19421,19718,20023,20327,20640,20965,21269,0,0,0,0,0,5,3,3,3,3,3,5,9,8,7,3,3,5,5,5,4,1,2,3,3,1,2,3,6,3,3,3,2,2,2,2,2,2,2,0,0,0,0,1,0,0,0,0,0,0,0,0,0,1,0,0,0,1,0,1,2,2,1,1,1
 Gaines ,PHR 1,Non-Border,Rural,19735,20194,20667,21130,21620,22121,22628,23150,23668,24199,1,1,1,1,1,1,2,2,2,2,2,0,1,2,2,3,3,3,3,3,3,1,2,3,4,0,0,0,0,0,0,0,0,0,0,1,1,1,2,1,1,1,1,1,1,0,0,0,0,0,0,0,0,0,0,0,0,0,0,0,0,0,0,0,0
 Galveston ,PHR 6/5S,Non-Border,Suburban,322292,328728,335200,341737,348442,355196,362099,369095,376165,383315,18,20,24,28,32,198,194,196,194,206,206,227,222,227,218,172,185,175,184,189,205,208,220,236,246,67,70,73,73,64,63,61,57,63,63,60,65,67,64,62,56,63,61,63,66,49,45,45,46,46,46,51,46,46,44,23,22,22,24,23,29,27,24,25,26
 Garza ,PHR 1,Non-Border,Rural,6615,6659,6691,6725,6756,6784,6820,6850,6882,6917,0,0,1,1,1,0,0,1,1,1,1,0,1,1,1,2,2,3,3,3,3,4,4,4,5,0,0,0,0,1,0,0,0,0,0,1,1,2,0,1,1,0,0,0,0,0,0,0,0,0,0,0,0,0,0,0,0,0,0,0,0,0,0,0,1
 Gillespie ,PHR 8,Non-Border,Rural,25393,25547,25682,25848,26019,26191,26361,26535,26721,26902,1,1,1,1,2,20,19,19,16,16,14,21,18,16,19,19,16,16,16,16,14,14,15,18,18,3,3,3,3,3,3,2,2,2,2,6,7,7,7,6,7,5,6,4,5,3,2,2,1,2,1,2,2,1,2,1,1,1,1,1,1,1,1,1,1
 Glasscock ,PHR 9/10,Non-Border,Rural,1290,1306,1318,1336,1349,1365,1380,1394,1412,1424,0,0,0,0,0,0,0,0,0,0,0,0,0,0,0,0,0,0,0,0,0,0,0,0,0,0,0,0,0,0,0,0,0,0,0,0,0,0,0,0,0,0,0,0,0,0,0,0,0,0,0,0,0,0,0,0,0,0,0,0,0,0,0,0,0
 Goliad ,PHR 8,Non-Border,Urban,7485,7521,7575,7622,7672,7717,7768,7825,7886,7953,0,0,0,0,0,3,4,3,3,3,3,3,2,3,3,8,7,6,6,6,9,7,5,3,4,1,1,1,1,0,0,0,0,0,0,2,2,3,3,5,4,5,4,4,3,0,0,0,0,0,0,1,0,0,0,0,0,0,0,0,0,0,0,0,0
 Gonzales ,PHR 8,Non-Border,Rural,20651,20796,20937,21075,21216,21347,21488,21636,21790,21936,0,0,0,0,1,5,5,4,5,5,5,7,5,7,6,3,3,4,4,4,5,7,7,6,6,4,3,2,3,3,2,2,3,2,2,5,4,3,5,4,3,3,2,4,5,0,0,0,0,0,0,0,0,0,0,0,0,0,0,0,0,0,0,0,1
 Gray ,PHR 1,Non-Border,Rural,23242,23434,23623,23830,24040,24252,24456,24695,24942,25199,0,0,0,0,0,9,10,10,9,10,11,11,10,11,10,9,9,9,9,10,15,7,7,7,8,0,0,0,0,0,0,0,0,0,0,0,1,1,1,1,2,2,2,2,2,1,1,1,1,1,1,0,0,0,0,0,0,0,0,0,0,0,0,0,0
 Grayson ,PHR 2/3,Non-Border,Urban,126409,127493,128563,129610,130657,131710,132740,133761,134751,135722,4,6,13,17,21,95,89,91,87,91,89,95,98,96,110,76,79,83,85,89,95,110,102,107,112,18,14,17,16,18,14,10,14,16,10,6,5,7,7,7,7,9,11,10,9,10,10,9,8,8,8,14,14,10,12,6,7,9,7,5,6,8,7,9,8
 Gregg ,PHR 4/5N,Non-Border,Urban,124043,124421,124780,125113,125425,125730,126034,126321,126594,126837,1,1,1,1,1,120,110,111,110,106,112,99,102,107,117,97,102,102,110,109,116,106,115,127,138,17,19,18,17,16,12,12,15,15,13,15,14,14,13,13,12,13,15,17,15,11,11,12,12,12,12,8,8,8,9,8,10,11,11,11,12,11,10,7,7
 Grimes ,PHR 7,Non-Border,Rural,27755,27998,28230,28476,28710,28930,29128,29344,29553,29751,0,0,1,1,3,7,6,6,5,4,3,9,9,13,9,5,5,8,8,8,9,6,5,6,6,1,1,0,0,0,0,0,1,0,0,3,3,3,4,4,4,4,4,4,4,0,0,0,0,0,0,1,1,0,0,0,0,0,0,0,0,0,1,1,1
 Guadalupe ,PHR 8,Non-Border,Suburban,149395,153319,157370,161541,165837,170266,174869,179600,184455,189459,13,17,20,23,33,101,111,114,120,132,134,144,136,155,160,67,77,91,103,109,115,121,100,113,140,11,8,7,4,4,5,6,8,8,12,23,25,23,26,24,27,29,29,28,30,13,12,12,10,9,11,17,21,21,23,2,2,3,3,4,5,4,4,2,2
 Hale ,PHR 1,Non-Border,Rural,34731,34444,34150,33824,33527,33202,32901,32583,32291,31974,1,0,0,0,0,11,12,11,13,13,14,12,13,10,7,29,33,34,35,36,37,35,30,29,35,1,1,1,1,1,1,1,1,1,1,0,0,1,1,1,2,2,1,1,1,1,1,1,1,0,1,0,0,0,1,1,1,1,1,1,1,2,1,1,1
 Hall ,PHR 1,Non-Border,Rural,3303,3303,3308,3311,3312,3305,3303,3302,3298,3295,0,0,0,0,0,0,0,0,0,0,0,0,0,1,1,0,0,0,0,0,0,0,0,0,1,0,0,0,0,0,0,0,0,0,0,0,0,0,0,0,0,0,0,0,0,0,0,0,0,0,0,0,0,0,1,0,0,0,0,0,0,0,0,0,0
 Hamilton ,PHR 7,Non-Border,Rural,8338,8305,8274,8254,8234,8220,8210,8200,8200,8196,0,0,0,0,0,5,5,6,4,6,4,8,7,4,5,5,6,6,5,5,5,6,8,8,5,0,0,0,0,0,0,0,0,0,1,0,0,0,0,0,0,0,0,0,0,0,0,0,0,0,0,0,0,0,0,0,0,1,1,1,1,0,0,0,0
 Hansford ,PHR 1,Non-Border,Rural,5698,5723,5753,5780,5802,5820,5855,5890,5926,5957,0,0,0,0,0,0,0,0,0,0,0,2,3,3,1,2,2,2,2,2,2,1,2,2,3,0,0,0,0,0,0,0,0,0,0,0,0,0,0,0,0,0,0,0,0,0,0,0,0,0,0,0,0,0,0,0,0,0,0,0,0,0,0,0,0
 Hardeman ,PHR 2/3,Non-Border,Rural,3963,3942,3923,3899,3888,3870,3854,3845,3832,3831,1,1,1,1,1,4,4,5,5,5,5,3,2,3,4,0,0,0,0,0,0,0,1,1,1,1,1,1,0,0,0,0,0,0,0,1,1,1,1,1,1,1,2,2,2,0,0,0,0,0,0,2,2,2,2,0,0,0,0,0,0,0,0,0,0
 Hardin ,PHR 6/5S,Non-Border,Urban,55738,55906,56051,56216,56350,56486,56626,56792,56932,57050,0,0,0,1,2,23,22,25,26,26,28,19,18,23,26,17,18,19,21,21,27,30,25,28,30,0,0,0,0,2,3,4,4,4,4,0,0,0,1,3,3,3,4,4,6,1,1,1,1,1,1,2,3,2,2,0,0,0,0,0,0,0,0,0,0
 Harris ,PHR 6/5S,Non-Border,Urban,4527909,4616802,4706369,4796533,4887341,4978845,5071573,5164809,5258527,5352681,344,403,456,533,634,3456,3502,3596,3660,3770,3816,3508,3736,3945,4248,2443,2576,2705,2890,3080,3438,3072,3239,3427,3651,1052,1072,1091,1099,1135,1120,1113,1130,1127,1154,571,574,601,611,614,630,659,681,708,703,593,576,568,577,581,582,558,586,588,629,476,513,521,526,533,542,555,594,596,636
 Harrison ,PHR 4/5N,Non-Border,Rural,67021,67300,67523,67764,68004,68247,68492,68736,68931,69130,0,0,0,0,1,25,23,29,28,27,26,24,19,20,19,22,26,29,31,33,35,32,33,30,43,6,5,6,6,7,8,7,7,7,7,7,7,7,9,9,10,9,9,9,10,2,2,2,2,2,2,2,3,3,3,0,0,0,0,0,0,1,1,0,0
 Hartley ,PHR 1,Non-Border,Rural,6029,6040,6040,6041,6064,6067,6082,6092,6119,6117,0,0,0,0,0,1,3,3,3,3,2,2,4,3,1,3,3,3,3,2,1,1,1,1,1,0,0,0,0,0,0,0,0,0,0,0,0,0,0,0,0,0,0,0,0,0,0,0,0,0,0,0,0,0,0,0,0,0,0,0,0,1,1,1,0
 Haskell ,PHR 2/3,Non-Border,Rural,5983,6020,6061,6107,6150,6197,6237,6289,6330,6374,0,0,0,0,0,5,5,5,4,4,4,2,2,2,1,3,3,2,1,2,2,3,1,2,4,0,0,0,0,0,0,0,0,0,0,0,0,0,0,0,0,0,0,0,0,1,1,1,1,1,3,3,0,1,2,0,0,0,0,0,0,0,0,0,0
 Hays ,PHR 7,Non-Border,Suburban,191851,199621,207880,216516,225516,234896,244221,253894,263970,274435,30,36,43,52,53,210,218,229,219,231,239,265,271,292,319,162,171,185,211,218,235,227,222,241,252,39,41,47,51,47,52,57,60,60,62,37,44,41,52,54,56,59,68,64,62,24,26,27,33,33,36,39,45,45,43,17,15,14,15,13,16,17,20,20,16
 Hemphill ,PHR 1,Non-Border,Rural,4151,4246,4336,4426,4527,4644,4761,4892,5031,5163,0,0,0,0,0,2,2,1,1,1,1,2,3,2,2,3,3,3,3,2,2,3,2,1,1,0,0,0,0,0,0,0,0,0,0,1,0,0,0,0,0,0,0,1,2,0,0,0,0,0,0,0,0,0,0,0,0,0,0,0,0,0,0,0,1
 Henderson ,PHR 4/5N,Non-Border,Rural,80005,80279,80527,80755,80985,81179,81369,81548,81679,81818,3,4,5,6,5,44,41,39,40,39,40,35,26,22,25,20,18,25,26,25,30,34,30,37,40,6,5,5,5,5,5,7,8,6,7,7,7,7,10,10,8,9,11,9,9,4,4,4,4,3,2,3,2,2,2,3,2,2,3,2,1,2,2,2,2
 Hidalgo ,PHR 11,Border,Urban,822205,831924,841585,851285,860844,870366,879547,888655,897703,906624,27,32,41,44,51,491,497,518,542,553,570,538,567,601,647,300,329,358,394,411,462,437,478,522,570,46,54,57,61,58,61,67,68,75,83,66,77,79,80,86,87,93,103,119,134,8,11,13,12,10,13,16,13,20,22,17,20,24,23,24,23,25,25,23,25
 Hill ,PHR 7,Non-Border,Rural,35475,35526,35582,35617,35644,35673,35678,35683,35666,35636,0,0,1,1,1,20,16,16,16,17,17,14,8,13,17,14,13,14,14,15,15,15,13,13,12,2,3,1,1,1,1,1,1,2,2,3,4,3,4,4,6,4,4,4,4,0,0,0,0,0,0,1,1,1,2,1,1,1,1,0,0,0,0,0,0
 Hockley ,PHR 1,Non-Border,Rural,23723,23905,24083,24257,24455,24636,24799,24959,25129,25280,0,0,0,0,0,6,5,7,7,7,8,8,3,5,3,13,13,14,14,14,15,10,9,8,9,1,1,1,1,1,1,1,1,1,1,2,2,2,2,2,3,3,3,3,2,3,2,1,1,1,0,1,1,1,2,0,0,0,0,0,0,0,0,0,0
 Hood ,PHR 2/3,Non-Border,Rural,54870,55618,56362,57119,57881,58643,59402,60158,60915,61659,3,3,7,6,5,40,35,39,37,41,41,52,45,47,50,34,34,39,46,51,61,69,65,70,70,9,8,9,9,7,8,10,11,9,9,9,7,7,8,7,6,6,3,4,3,9,7,8,8,9,9,11,12,13,15,2,1,1,1,1,2,2,2,1,1
 Hopkins ,PHR 4/5N,Non-Border,Rural,36161,36353,36535,36710,36879,37040,37194,37334,37472,37579,2,2,1,1,1,32,29,31,31,40,41,28,22,27,32,16,16,16,16,19,23,27,25,27,31,2,3,3,3,3,3,3,3,3,4,6,5,5,5,6,6,6,6,5,5,2,2,2,2,2,2,1,2,2,2,0,0,0,0,1,1,1,0,0,0
 Houston ,PHR 4/5N,Non-Border,Rural,23135,23026,22931,22832,22738,22620,22531,22433,22321,22206,0,0,0,0,0,12,13,12,12,12,12,8,6,8,9,8,8,10,11,11,11,6,6,6,4,2,2,1,1,0,0,0,0,0,0,3,3,3,1,0,1,1,1,1,1,0,0,0,0,0,0,0,1,1,1,0,0,0,0,0,0,0,0,0,0
 Howard ,PHR 9/10,Non-Border,Rural,37856,38504,39167,39836,40521,41236,41941,42702,43463,44245,0,0,0,0,0,36,36,33,31,33,32,21,25,22,23,8,9,9,11,9,10,9,9,9,11,13,12,9,7,8,7,7,7,7,7,2,2,2,2,3,2,1,3,3,3,3,3,3,3,3,4,2,1,2,2,7,7,8,7,8,9,11,13,11,11
 Hudspeth ,PHR 9/10,Border,Rural,3410,3406,3399,3398,3401,3400,3403,3406,3404,3396,1,1,1,1,2,0,0,0,0,0,0,4,3,4,4,1,1,1,2,2,2,1,1,2,1,0,0,0,0,0,0,0,0,0,0,0,0,0,0,0,0,0,0,0,0,1,1,1,1,1,1,0,0,0,0,0,0,0,0,0,0,0,0,0,0
 Hunt ,PHR 2/3,Non-Border,Suburban,90372,91327,92298,93305,94285,95324,96303,97277,98269,99237,4,6,7,7,11,61,64,70,69,65,67,59,75,70,68,65,69,80,80,83,84,62,60,64,68,5,5,7,8,9,9,10,11,11,8,7,10,8,8,7,6,8,8,9,11,10,9,8,4,5,5,1,4,5,3,6,7,6,7,10,11,11,9,7,6
 Hutchinson ,PHR 1,Non-Border,Rural,21747,21682,21624,21563,21511,21461,21424,21396,21372,21357,0,0,0,0,0,8,8,7,7,7,6,8,7,7,8,2,3,3,1,1,1,2,3,4,4,0,0,0,0,0,0,0,0,0,0,0,1,1,0,1,1,1,0,0,0,1,0,0,1,2,2,2,1,2,2,0,0,0,0,0,0,0,0,0,0
 Irion ,PHR 9/10,Non-Border,Urban,1537,1531,1524,1518,1513,1508,1509,1506,1503,1496,0,0,0,0,0,0,0,0,0,0,0,1,1,1,0,0,0,0,0,0,0,1,1,1,1,0,0,0,0,0,0,0,0,0,0,0,0,1,1,1,0,0,0,0,0,0,0,0,0,0,0,0,0,0,0,0,0,0,0,0,0,0,0,0,0
 Jack ,PHR 2/3,Non-Border,Rural,8933,8905,8888,8866,8845,8841,8830,8820,8793,8787,0,0,0,0,0,1,1,1,1,1,2,5,6,6,6,1,1,1,2,3,3,2,2,2,2,0,0,0,0,0,0,0,0,0,0,0,0,0,0,0,0,0,0,0,0,0,0,0,0,0,0,0,0,0,0,0,0,0,0,0,0,0,0,0,0
 Jackson ,PHR 8,Non-Border,Rural,14965,15151,15330,15520,15699,15899,16099,16293,16469,16662,0,1,1,1,1,0,0,0,0,2,2,3,5,4,2,4,5,6,6,5,9,7,6,9,10,0,0,0,0,0,0,0,0,0,0,2,2,2,1,1,1,1,1,1,1,1,1,0,0,0,0,0,0,0,0,0,0,0,0,0,0,0,0,0,0
 Jasper ,PHR 4/5N,Non-Border,Rural,35716,35696,35679,35649,35593,35525,35456,35374,35288,35182,0,1,1,1,0,19,18,18,15,15,15,17,16,18,18,14,14,14,15,15,20,16,11,11,12,0,0,0,1,2,2,2,2,3,4,0,0,0,0,1,0,0,0,0,0,0,0,0,0,0,0,0,0,1,1,0,0,0,0,0,0,0,0,0,0
 Jeff Davis ,PHR 9/10,Border,Rural,2198,2183,2168,2151,2129,2113,2092,2076,2054,2030,0,0,0,0,0,1,1,1,1,1,1,1,1,1,1,4,2,3,2,2,1,2,2,1,1,0,0,0,0,0,0,0,0,0,0,0,0,0,0,0,0,0,0,0,0,0,0,0,0,0,0,1,0,0,0,0,0,0,0,0,0,0,0,0,0
 Jefferson ,PHR 6/5S,Non-Border,Urban,255300,255994,256679,257363,258020,258678,259249,259733,260138,260469,4,4,7,11,10,199,194,197,187,186,186,158,165,165,168,155,159,159,165,166,182,160,164,172,171,33,32,31,32,27,27,28,28,24,25,6,5,6,6,3,4,4,5,5,6,15,18,17,18,15,18,13,12,10,9,16,17,18,21,22,20,21,24,24,23
 Jim Hogg ,PHR 11,Border,Rural,5190,5170,5150,5122,5099,5077,5053,5026,4997,4969,0,0,0,0,0,1,2,3,3,3,3,2,1,1,1,0,0,0,0,0,0,0,0,0,0,0,0,0,0,0,0,0,0,0,0,0,0,0,0,0,0,0,0,0,0,0,0,0,0,0,0,0,0,0,0,0,0,0,0,0,0,0,0,0,0
 Jim Wells ,PHR 11,Non-Border,Rural,41884,42090,42298,42509,42697,42890,43074,43229,43372,43508,0,0,0,0,0,18,18,18,17,18,20,21,19,18,18,17,22,21,21,23,28,22,23,26,29,1,1,1,1,1,1,1,1,1,1,2,2,2,3,2,2,3,3,5,4,0,0,0,0,0,0,0,0,0,0,0,0,0,0,0,1,1,1,1,1
 Johnson ,PHR 2/3,Non-Border,Suburban,161209,163278,165360,167450,169575,171701,173888,176087,178297,180523,4,6,9,14,19,94,102,106,98,102,100,134,128,147,170,69,81,80,93,100,119,112,111,108,120,7,8,6,6,7,6,6,8,8,10,5,6,7,12,14,10,8,9,8,12,6,7,7,7,7,10,12,11,11,12,5,5,6,5,5,4,4,4,4,3
 Jones ,PHR 2/3,Non-Border,Urban,19905,19862,19827,19790,19766,19735,19702,19666,19626,19588,1,1,1,1,2,4,6,6,6,5,5,5,4,4,3,3,2,3,2,4,6,5,3,7,10,1,1,1,1,1,0,0,0,0,0,1,1,1,1,1,1,1,1,2,2,1,1,0,0,0,0,0,0,1,1,1,1,1,1,1,0,0,0,0,0
 Karnes ,PHR 8,Non-Border,Rural,15034,15097,15171,15238,15309,15393,15466,15560,15658,15753,0,0,0,1,1,6,6,8,8,6,5,5,6,5,6,2,1,2,4,4,4,9,8,8,7,0,0,0,0,0,0,0,0,0,0,1,2,1,1,1,0,0,0,0,0,0,0,0,0,0,0,0,0,0,0,0,0,0,0,0,0,0,0,0,0
 Kaufman ,PHR 2/3,Non-Border,Suburban,113657,115860,118095,120400,122724,125134,127644,130210,132834,135511,5,7,12,14,22,71,75,76,77,87,95,127,128,152,165,54,60,68,75,76,86,95,108,118,134,17,16,15,16,16,15,16,15,13,12,7,8,9,8,7,12,14,14,14,20,13,13,11,12,12,12,12,13,14,18,22,23,26,24,23,19,22,23,25,25
 Kendall ,PHR 8,Non-Border,Suburban,39084,40398,41764,43173,44686,46278,47967,49720,51591,53557,3,4,4,6,14,19,25,26,26,25,24,39,38,39,37,46,49,54,54,60,66,77,80,92,94,9,8,6,6,6,12,12,13,11,13,11,13,11,10,11,8,9,11,14,11,9,10,9,10,8,9,12,11,16,17,4,6,4,6,7,7,6,6,4,6
 Kenedy ,PHR 11,Border,Rural,445,451,458,464,470,476,483,487,490,494,0,0,0,0,0,0,0,0,0,0,0,0,0,0,0,0,0,0,0,0,0,0,0,0,0,0,0,0,0,0,0,0,0,0,0,0,0,0,0,0,0,0,0,0,0,0,0,0,0,0,0,0,0,0,0,0,0,0,0,0,0,0,0,0,0
 Kent ,PHR 2/3,Non-Border,Rural,789,786,787,791,792,795,798,800,803,808,0,0,0,0,0,0,0,0,1,1,1,2,1,1,1,0,0,0,0,0,0,0,0,1,1,0,0,0,0,0,0,0,0,0,0,0,0,0,0,0,0,0,0,0,0,0,0,0,0,0,0,0,0,0,0,0,0,0,0,0,0,0,0,0,0
 Kerr ,PHR 8,Non-Border,Rural,50864,51140,51421,51716,51993,52267,52544,52830,53104,53363,4,6,6,5,5,61,62,68,58,54,55,53,55,57,65,65,69,71,76,75,73,73,79,74,74,20,23,22,20,20,20,20,20,21,20,7,7,7,5,6,7,8,8,8,9,12,10,10,8,9,8,9,8,9,8,23,23,23,23,20,16,19,18,13,14
 Kimble ,PHR 9/10,Non-Border,Rural,4464,4440,4420,4387,4365,4344,4309,4277,4245,4208,0,0,0,0,0,1,1,1,2,2,2,1,1,1,1,0,0,0,0,0,0,0,0,1,2,0,1,1,1,1,1,1,1,1,1,0,0,0,0,0,0,0,0,1,1,0,0,0,0,0,0,0,1,1,1,0,0,0,0,0,0,0,0,0,1
 King ,PHR 1,Non-Border,Rural,295,298,301,303,306,309,313,317,320,323,0,0,0,0,0,0,0,0,0,0,0,0,0,0,0,0,0,0,0,0,0,0,1,1,0,0,0,0,0,0,0,0,0,0,0,0,0,0,0,0,0,0,0,0,0,0,0,0,0,0,0,0,0,0,0,0,0,0,0,0,0,0,0,0,0
 Kinney ,PHR 8,Border,Rural,3486,3477,3468,3467,3465,3462,3458,3453,3453,3444,0,0,0,0,0,0,0,0,0,0,0,1,1,1,0,0,0,0,0,0,0,0,0,1,1,0,0,0,0,0,0,0,0,0,0,0,0,0,0,0,0,0,0,0,0,0,0,0,0,0,0,0,0,0,0,0,0,0,0,0,0,0,0,0,0
 Kleberg ,PHR 11,Non-Border,Rural,31225,31129,31057,31028,31002,30987,30910,30857,30792,30737,0,0,1,1,0,12,11,12,13,15,16,14,19,18,18,21,22,30,30,29,29,19,23,28,28,1,1,1,1,1,2,2,2,1,1,1,2,1,2,1,2,2,2,2,2,1,1,1,1,1,1,1,0,0,0,0,0,0,0,0,0,1,1,1,1
 Knox ,PHR 2/3,Non-Border,Rural,3813,3838,3866,3888,3912,3937,3960,3987,4017,4043,0,0,0,0,0,2,2,2,1,2,1,3,3,3,3,0,0,1,1,1,1,1,0,0,0,0,0,0,0,0,0,0,0,0,0,0,0,0,0,0,0,0,0,0,0,0,0,0,0,0,0,0,0,0,1,0,0,0,0,0,0,0,0,0,0
 La Salle ,PHR 8,Border,Rural,7556,7695,7844,8000,8154,8309,8479,8651,21467,21602,0,0,0,3,6,11,10,8,10,13,14,18,9,10,10,11,11,12,12,14,17,20,14,17,21,2,1,1,1,1,0,0,1,2,1,8,7,5,6,6,7,9,8,7,6,1,2,3,3,3,4,7,4,3,3,0,0,0,0,0,0,0,0,0,0
 Lamar ,PHR 4/5N,Non-Border,Rural,49980,50006,50022,50031,50032,50014,50009,49957,8825,9000,0,1,1,0,0,0,0,0,0,0,0,0,0,0,1,1,1,1,2,2,2,2,1,3,2,0,0,0,0,0,0,0,0,1,1,0,0,0,0,0,0,0,0,0,0,0,0,0,0,0,0,0,0,0,1,0,0,0,0,0,0,0,0,0,0
 Lamb ,PHR 1,Non-Border,Rural,13356,13239,13128,13018,12903,12776,12672,12556,49897,49816,0,0,0,1,0,55,56,56,48,48,49,42,43,46,47,30,30,30,30,30,32,31,29,27,30,4,4,3,3,3,2,2,3,3,3,3,3,3,2,3,3,3,3,3,3,2,3,3,3,3,3,4,4,5,4,2,2,2,2,2,3,3,3,2,2
 Lampasas ,PHR 7,Non-Border,Urban,20295,20436,20581,20727,20885,21037,21193,21331,12440,12306,1,2,3,0,0,2,4,4,5,5,5,2,2,6,9,2,2,2,2,6,5,8,8,9,10,0,0,0,0,0,0,1,0,0,0,0,0,0,0,0,0,1,0,0,0,0,0,0,0,0,0,0,0,0,0,0,0,0,0,0,0,0,0,0,0
 Lavaca ,PHR 8,Non-Border,Rural,19818,19978,20155,20324,20522,20735,20958,21191,21426,21679,1,1,1,1,1,8,8,9,8,8,8,8,7,8,6,5,5,5,6,5,10,6,6,6,6,1,1,1,1,1,0,0,0,0,0,4,5,5,5,6,5,5,5,5,6,0,0,0,0,0,0,0,0,0,0,1,1,1,1,1,1,0,0,0,0
 Lee ,PHR 7,Non-Border,Rural,17102,17201,17298,17407,17502,17595,17691,17787,17881,17971,2,2,2,2,3,6,6,6,5,4,5,6,4,4,5,13,13,12,11,11,11,6,8,10,11,6,3,3,4,4,4,3,5,5,4,2,2,1,1,1,1,1,1,1,1,1,1,1,1,1,1,0,0,1,1,0,0,0,0,0,0,0,0,0,0
 Leon ,PHR 7,Non-Border,Rural,17227,17322,17414,17504,17617,17707,17805,17905,18006,18105,0,0,0,0,0,2,2,2,3,3,4,3,1,2,3,3,3,3,3,3,2,4,4,5,5,0,0,0,0,0,0,0,0,0,0,0,0,0,0,1,1,0,1,1,0,1,1,1,0,0,0,0,2,2,2,0,0,0,0,0,0,0,0,0,0
 Liberty ,PHR 6/5S,Non-Border,Suburban,80287,81282,82278,83276,84278,85284,86326,87353,88390,89433,1,1,1,2,2,12,13,9,11,11,11,16,14,13,14,16,16,22,22,23,28,21,18,17,21,2,3,1,1,2,2,3,4,2,1,5,6,6,5,4,3,4,4,5,6,3,3,3,3,3,3,1,1,1,1,0,0,0,0,0,0,0,1,2,2
 Limestone ,PHR 7,Non-Border,Rural,23481,23506,23538,23556,23544,23544,23559,23574,23579,23552,2,3,3,3,3,11,11,9,10,11,11,18,16,12,14,3,5,6,8,11,11,14,10,10,11,3,2,2,3,4,3,3,3,3,2,2,1,1,1,1,1,0,2,2,2,2,1,1,1,1,1,1,1,1,1,2,2,2,1,1,2,2,1,1,2
 Lipscomb ,PHR 1,Non-Border,Rural,3459,3496,3541,3573,3618,3651,3694,3733,3773,3809,0,0,0,0,0,0,0,0,0,0,0,0,0,0,0,0,0,1,1,2,2,0,0,0,0,0,0,0,0,0,0,0,0,0,0,0,0,0,0,0,0,0,0,0,0,0,0,0,0,0,0,0,0,0,0,0,0,0,0,0,0,0,0,0,0
 Live Oak ,PHR 11,Non-Border,Rural,11748,11812,11859,11912,11970,12030,12081,12132,12187,12245,0,0,0,0,0,1,1,1,1,0,0,1,1,1,2,6,7,6,6,6,6,2,2,2,2,0,0,0,1,0,0,0,0,0,0,0,0,0,0,0,0,0,0,0,0,0,0,0,0,0,0,0,0,0,0,0,0,0,0,0,0,0,0,0,0
 Llano ,PHR 7,Non-Border,Rural,19348,19372,19387,19408,19428,19452,19481,19503,19515,19527,0,0,0,0,1,6,6,6,6,7,5,4,5,4,4,3,3,4,4,5,4,8,8,10,11,0,0,0,1,2,0,0,0,0,0,1,1,1,3,3,1,1,1,2,3,2,2,2,2,0,0,1,1,3,3,1,0,0,0,0,0,0,0,0,0
 Loving ,PHR 9/10,Non-Border,Rural,87,88,89,90,91,92,93,93,93,93,0,0,0,0,0,0,0,0,0,0,0,0,1,1,0,0,0,0,0,0,0,0,0,0,0,0,0,0,0,0,0,0,0,0,0,0,0,0,0,0,0,0,0,0,0,0,0,0,0,0,0,0,0,0,0,0,0,0,0,0,0,0,0,0,0
 Lubbock ,PHR 1,Non-Border,Urban,295763,299742,303884,308208,312653,317210,321818,326611,331479,336447,29,32,33,39,38,312,325,332,340,355,349,314,338,347,363,277,292,308,341,364,400,388,405,425,448,79,75,77,76,81,83,79,79,79,79,34,38,38,43,44,44,51,49,50,50,85,86,94,103,104,100,83,85,97,107,17,21,21,19,19,19,20,19,27,27
 Lynn ,PHR 1,Non-Border,Rural,5716,5689,5663,5642,5613,5588,5562,5534,5498,5465,0,0,1,1,1,0,0,0,0,0,0,0,0,1,1,3,3,3,5,5,5,5,5,6,6,0,0,0,0,0,0,0,0,0,0,0,0,0,1,1,1,1,2,2,2,0,0,0,0,0,0,0,0,0,0,0,0,0,0,0,0,0,0,0,0
 Madison ,PHR 7,Non-Border,Rural,14054,14139,14223,14312,14420,14527,14636,14754,3907,3906,0,0,1,0,0,1,1,1,1,1,1,2,2,1,1,1,1,1,2,2,2,2,2,2,3,1,0,0,0,0,0,0,0,0,0,0,0,0,0,0,0,0,0,0,0,0,0,0,0,0,0,0,0,1,1,0,0,0,0,0,0,0,0,0,0
 Marion ,PHR 4/5N,Non-Border,Rural,10458,10433,10409,10389,10343,10294,10255,10199,37013,36979,0,0,0,0,0,11,9,8,9,8,9,9,9,10,10,10,10,14,10,9,11,12,14,13,11,3,3,3,2,2,2,2,2,1,1,4,5,4,3,3,3,3,3,5,5,1,2,2,1,1,1,2,2,1,1,0,0,0,0,0,1,1,0,1,1
 Martin ,PHR 9/10,Non-Border,Rural,5367,5494,5626,5757,5898,6044,6195,6349,61567,62074,0,0,0,0,0,16,18,18,17,17,18,9,8,7,8,7,7,9,10,11,12,11,10,11,14,0,0,0,0,0,0,0,1,1,1,1,1,1,0,1,2,2,2,3,3,0,0,1,1,1,1,1,1,1,1,0,0,0,0,1,1,1,1,1,2
 Mason ,PHR 9/10,Non-Border,Rural,3928,3919,3914,3904,3901,3899,3900,3905,8761,8789,0,0,0,0,0,5,4,5,4,4,3,3,4,2,2,5,5,6,7,7,7,3,3,3,3,1,0,0,0,0,0,0,0,0,0,1,2,3,2,2,1,1,0,1,1,0,0,0,0,0,0,0,0,0,0,0,0,0,0,0,0,0,0,0,0
 Matagorda ,PHR 6/5S,Non-Border,Rural,36932,36991,37030,37045,37064,37064,37055,37032,258302,259984,0,0,0,53,58,402,414,417,419,430,448,399,412,419,451,173,180,198,215,225,233,231,232,258,277,87,87,88,94,98,96,93,91,89,83,38,39,39,41,40,41,46,52,48,50,22,25,31,29,29,29,21,26,27,31,22,25,24,25,24,23,25,25,22,19
 Maverick ,PHR 8,Border,Rural,57107,57684,58254,58820,59379,59938,60484,61027,787,787,0,0,0,0,0,0,0,0,0,0,0,0,0,0,0,0,0,0,0,0,1,0,1,1,1,0,0,0,0,0,0,0,0,0,0,0,0,0,0,0,0,0,0,0,0,0,0,0,0,0,0,0,0,0,0,0,0,0,0,0,0,0,0,0,0
 McCulloch ,PHR 9/10,Non-Border,Rural,8448,8486,8539,8576,8619,8660,8700,8738,14868,14983,0,0,0,1,0,5,5,5,5,4,4,2,1,2,3,3,3,2,2,2,2,3,3,3,5,0,0,0,0,1,1,1,1,1,0,0,0,0,0,0,0,0,0,0,0,0,0,0,0,0,0,0,0,1,1,0,0,0,0,0,0,0,0,0,0
 McLennan ,PHR 7,Non-Border,Urban,243882,245791,247655,249470,251303,253066,254824,256604,10129,10063,37,41,45,0,0,3,3,3,3,3,3,4,3,3,3,1,1,1,1,2,2,5,5,5,5,0,0,0,0,0,0,0,1,0,0,0,0,1,0,0,0,0,0,0,0,0,0,0,0,1,1,1,1,1,1,0,0,0,0,0,0,0,0,0,0
 McMullen ,PHR 11,Border,Rural,746,754,761,766,774,783,787,787,6507,6655,0,0,0,0,0,1,1,1,1,1,1,1,1,1,1,2,2,2,2,2,2,1,0,0,0,0,0,0,0,0,0,1,1,1,1,0,0,0,0,0,0,0,0,0,0,0,0,0,0,0,0,0,0,0,0,0,0,0,0,0,0,0,0,0,0
 Medina ,PHR 8,Non-Border,Suburban,48221,48680,49136,49615,50118,50594,51121,51621,52122,52651,5,6,7,8,8,16,20,23,21,19,20,12,15,20,15,16,16,15,22,24,25,25,23,24,28,2,2,2,2,3,2,2,3,3,3,1,1,3,4,7,8,6,8,12,13,1,1,2,2,2,2,3,2,2,2,0,1,1,0,0,0,0,0,0,0
 Menard ,PHR 9/10,Non-Border,Rural,2199,2200,2194,2187,2185,2188,2185,2185,2181,2170,0,0,0,0,0,0,0,0,0,0,0,2,2,0,0,1,1,1,1,1,1,1,1,1,1,0,0,0,0,0,0,0,0,0,0,1,1,1,1,1,1,1,1,1,1,0,0,0,0,0,0,0,0,0,0,0,0,0,0,0,0,0,0,0,0
 Midland ,PHR 9/10,Non-Border,Urban,158745,163923,169373,175090,181073,187364,193981,200890,208108,215652,4,6,8,6,7,83,85,75,79,83,77,63,64,61,75,104,107,110,116,128,139,105,99,108,109,12,11,11,14,14,12,10,9,9,9,9,7,6,11,11,10,8,8,9,10,12,11,10,8,6,7,8,9,8,10,10,8,11,12,10,11,10,8,8,8
 Milam ,PHR 7,Non-Border,Rural,24634,24642,24661,24662,24655,24635,24634,24627,24589,24559,1,1,1,1,3,5,5,4,4,4,4,3,4,5,6,7,7,7,7,8,8,2,4,6,6,1,0,0,0,0,1,1,1,2,1,1,1,1,1,1,2,2,2,3,4,1,1,1,1,1,1,2,3,3,1,0,0,0,0,0,0,0,0,0,0
 Mills ,PHR 7,Non-Border,Rural,4875,4874,4879,4885,4876,4870,4863,4847,4843,4832,0,0,0,0,0,5,5,5,5,5,5,5,5,4,4,7,6,7,7,7,7,6,6,5,4,0,0,0,0,0,0,0,0,0,0,0,0,0,0,0,0,0,1,1,0,1,1,1,1,0,1,0,0,0,0,0,0,0,0,0,0,0,0,0,0
 Mitchell ,PHR 2/3,Non-Border,Rural,9622,9678,9713,9764,9802,9865,9895,9943,10004,10039,0,0,0,0,0,2,2,2,1,0,1,1,2,2,2,0,1,0,1,1,1,3,2,0,0,0,0,0,0,0,0,0,0,0,0,0,0,0,0,0,0,1,1,1,1,0,0,0,0,0,0,0,0,0,0,0,0,0,0,0,0,0,0,0,0
 Montague ,PHR 2/3,Non-Border,Rural,19446,19392,19350,19298,19247,19199,19154,19099,19038,18964,2,2,2,2,2,10,8,10,10,9,8,10,11,11,10,5,6,4,5,5,5,5,3,5,6,0,0,0,1,0,0,0,0,0,0,1,1,1,0,0,0,0,1,1,0,1,1,0,0,0,0,0,0,0,0,0,0,0,0,0,0,0,0,0,0
 Montgomery ,PHR 6/5S,Non-Border,Suburban,529079,545011,561436,578410,595887,613951,632702,652082,672131,692840,82,98,111,125,142,211,212,219,228,238,244,319,333,372,418,340,377,386,411,444,479,522,564,635,716,81,80,76,84,90,97,108,120,116,121,66,64,73,81,93,99,110,113,114,115,81,84,95,96,101,101,107,109,134,146,27,30,32,33,39,41,37,43,47,49
 Moore ,PHR 1,Non-Border,Rural,21734,21713,21696,21660,21612,21575,21543,21510,21492,21446,0,0,0,0,0,3,3,3,3,5,6,5,4,4,3,2,3,3,2,2,3,7,8,7,7,0,0,0,0,0,0,0,0,0,0,0,0,0,0,0,0,0,0,0,0,0,0,0,0,0,1,0,0,0,0,0,0,0,0,0,0,0,0,0,0
 Morris ,PHR 4/5N,Non-Border,Rural,12698,12649,12593,12551,12506,12448,12393,12328,12262,12186,1,1,0,1,1,3,3,4,4,5,6,4,2,2,2,4,4,5,7,7,7,7,4,4,4,0,1,1,1,1,1,1,1,1,1,0,0,0,0,0,0,0,0,0,0,0,0,0,0,0,0,0,0,0,0,0,0,0,0,0,0,0,0,0,0
 Motley ,PHR 1,Non-Border,Rural,1191,1186,1184,1177,1174,1172,1165,1162,1155,1148,0,0,0,0,0,0,0,0,0,0,0,0,0,0,0,0,0,0,0,0,0,0,0,0,0,0,0,0,0,0,0,0,0,0,0,0,0,0,0,0,0,0,0,0,0,0,0,0,0,0,0,0,0,0,0,0,0,0,0,0,0,0,0,0,0
 Nacogdoches ,PHR 4/5N,Non-Border,Rural,63548,63583,63691,63839,63981,64106,64181,64248,64255,64226,4,4,5,7,6,85,88,88,85,90,89,79,65,67,74,52,53,62,69,74,78,75,69,71,75,12,11,9,10,13,15,15,14,11,10,9,6,9,10,11,10,13,13,13,14,8,8,9,9,9,8,4,2,2,3,3,3,3,3,3,3,3,2,2,2
 Navarro ,PHR 2/3,Non-Border,Rural,47908,47930,47959,47962,47977,47985,47962,47962,47930,47879,2,2,4,7,7,25,25,23,24,23,24,22,26,26,25,28,27,27,30,30,30,23,28,29,32,5,5,5,4,4,4,3,2,2,2,4,4,3,3,4,3,4,5,5,4,2,3,3,3,2,2,2,3,4,4,0,1,1,0,0,0,0,0,0,0
 Newton ,PHR 4/5N,Non-Border,Rural,14051,13982,13912,13847,13784,13724,13654,13598,13522,13447,1,1,1,1,1,4,4,2,3,5,5,4,5,5,4,1,1,1,1,1,1,1,2,2,2,0,0,0,0,0,0,0,0,0,0,0,0,0,0,0,0,0,0,0,0,0,0,0,0,0,0,0,0,0,0,0,0,0,0,0,0,0,0,0,0
 Nolan ,PHR 2/3,Non-Border,Rural,15376,15430,15478,15524,15589,15642,15689,15734,15791,15831,0,0,0,0,0,6,5,3,4,4,4,6,5,6,7,9,8,8,8,8,8,7,7,7,9,1,1,1,0,0,0,0,0,0,0,0,0,0,0,1,1,0,0,0,0,2,2,2,3,3,4,4,3,3,4,0,0,0,0,0,0,0,0,0,0
 Nueces ,PHR 11,Non-Border,Urban,360992,365409,369869,374431,379038,383718,388438,393190,397902,402604,14,15,18,20,21,247,244,243,250,256,249,240,230,254,266,299,311,332,348,365,399,324,330,339,362,61,60,60,56,52,48,51,47,47,46,40,42,40,34,35,33,35,34,36,43,43,43,39,39,42,39,32,33,31,27,22,22,20,22,22,23,21,21,22,21
 Ochiltree ,PHR 1,Non-Border,Rural,10737,10849,10958,11073,11190,11309,11431,11553,11673,11813,0,0,0,0,0,3,2,2,2,1,1,0,1,1,1,5,5,5,5,3,3,4,4,3,3,0,0,0,0,0,0,0,0,0,0,0,0,0,0,0,0,0,1,0,0,0,0,0,0,0,0,0,0,0,0,0,0,0,0,0,0,0,0,0,0
 Oldham ,PHR 1,Non-Border,Rural,2140,2152,2163,2177,2192,2200,2210,2217,2225,2236,0,0,0,0,0,5,6,6,5,5,5,8,10,11,10,6,7,6,4,5,8,6,4,3,4,0,0,0,0,0,0,0,0,0,0,0,0,0,0,0,0,0,0,0,0,0,0,0,1,1,1,1,1,1,1,0,0,0,0,0,0,0,0,0,0
 Orange ,PHR 6/5S,Non-Border,Urban,84037,84466,84886,85320,85744,86155,86539,86913,87289,87629,2,2,4,6,6,26,23,23,20,23,22,23,20,25,27,19,20,19,18,21,23,24,23,23,27,1,1,1,1,1,1,1,1,1,1,1,1,2,1,1,1,1,1,0,0,0,0,0,0,0,0,1,2,2,2,1,1,0,0,1,1,1,0,0,0
 Palo Pinto ,PHR 2/3,Non-Border,Rural,27979,27978,27955,27931,27891,27859,27815,27777,27728,27651,0,0,0,0,1,14,12,12,16,15,16,11,13,13,17,2,2,3,2,5,4,7,7,8,8,0,0,0,0,0,1,1,1,1,2,1,1,0,1,1,1,1,1,1,3,1,1,1,1,1,1,0,0,0,0,0,0,0,0,0,0,0,0,0,0
 Panola ,PHR 4/5N,Non-Border,Rural,24238,24321,24402,24471,24531,24576,24647,24714,24758,24817,0,0,0,0,0,8,9,8,8,9,9,8,8,8,10,5,4,5,6,5,5,3,5,7,8,0,0,0,0,0,0,0,0,0,1,1,1,1,0,1,1,1,0,0,3,1,1,1,1,1,1,1,1,2,2,0,0,0,0,0,0,0,0,0,0
 Parker ,PHR 2/3,Non-Border,Suburban,125811,127694,129607,131578,133578,135621,137707,139853,142025,144207,4,4,6,7,7,57,59,57,62,69,76,98,92,92,101,59,68,76,85,86,97,119,118,129,129,9,8,8,9,9,11,9,9,8,10,11,11,13,11,11,11,12,14,15,14,6,7,7,9,9,11,14,13,15,18,4,5,4,5,4,4,3,3,2,4
 Parmer ,PHR 1,Non-Border,Rural,9697,9590,9489,9387,9288,9200,9097,9004,8902,8783,1,1,1,1,0,4,4,3,1,2,1,1,1,2,2,0,0,0,0,0,0,1,1,1,1,0,0,0,0,0,0,0,0,0,0,0,0,1,1,2,2,0,0,0,0,0,0,0,0,0,0,0,0,0,0,0,0,0,0,0,0,0,0,0,0
 Pecos ,PHR 9/10,Border,Rural,16119,16219,16313,16397,16477,16533,16598,16658,16714,16764,0,0,0,0,0,1,1,1,2,2,3,2,1,2,2,0,0,0,0,1,1,1,1,1,3,0,0,0,0,0,0,0,0,0,0,1,1,1,1,1,1,1,1,1,1,0,0,0,0,0,0,0,0,0,0,0,0,0,0,0,0,0,0,0,0
 Polk ,PHR 4/5N,Non-Border,Rural,47077,47485,47886,48283,48689,49080,49480,49862,50249,50597,2,2,3,5,6,20,22,21,21,19,20,19,16,16,19,22,23,22,24,24,22,18,20,25,26,0,1,1,1,0,0,0,2,2,2,1,1,0,0,3,2,1,1,1,3,0,0,0,0,0,0,1,1,1,1,1,0,0,0,0,0,0,0,1,1
 Potter ,PHR 1,Non-Border,Urban,122204,122365,122482,122573,122653,122706,122765,122799,122803,122793,1,1,1,0,0,172,170,165,168,159,157,127,155,161,177,150,150,147,147,143,138,114,130,141,141,26,26,27,25,21,16,18,15,13,12,12,12,14,14,16,16,14,15,14,17,20,18,18,15,15,16,15,13,12,13,16,11,12,14,14,14,15,16,19,20
 Presidio ,PHR 9/10,Border,Rural,6726,6552,6371,6206,6049,5906,5758,5609,5471,5331,0,0,0,0,0,0,0,0,0,0,1,2,1,1,0,2,3,3,3,3,3,3,3,2,2,1,1,1,1,1,1,1,0,0,0,0,0,0,0,0,0,0,0,0,0,1,1,1,2,1,1,0,1,1,1,0,0,0,0,0,0,0,0,0,0
 Rains ,PHR 4/5N,Non-Border,Rural,11147,11187,11234,11281,11325,11378,11425,11455,11488,11518,0,1,2,1,1,2,2,3,5,5,4,4,2,0,1,4,4,2,2,2,2,3,3,2,5,1,1,1,1,0,0,0,0,0,0,1,2,1,1,1,0,0,0,0,0,0,0,0,0,0,0,0,1,1,1,0,0,0,0,0,0,0,0,0,0
 Randall ,PHR 1,Non-Border,Urban,128364,130159,132035,134004,136026,138104,140273,142506,144824,147200,3,3,4,4,7,108,114,121,125,145,152,158,134,124,130,108,106,114,125,134,156,152,136,134,150,4,6,4,4,2,5,6,8,8,6,14,14,15,17,17,16,18,18,22,23,6,7,7,7,7,7,9,8,7,8,0,0,0,0,0,0,0,0,0,0
 Reagan ,PHR 9/10,Non-Border,Rural,3739,3831,3928,4017,4122,4226,4326,4425,4526,4632,0,0,0,0,0,0,0,0,0,0,0,0,0,0,0,0,0,0,0,0,0,0,0,0,0,0,0,0,0,0,0,0,0,0,0,0,0,0,0,0,0,0,0,0,0,0,0,0,0,0,0,0,0,0,0,0,0,0,0,0,0,0,0,0,0
 Real ,PHR 8,Border,Rural,3364,3370,3386,3392,3403,3407,3415,3421,3425,3426,0,0,1,1,1,4,4,3,4,3,3,2,1,1,1,0,0,0,0,0,0,0,1,1,1,0,0,0,0,0,0,0,0,0,0,1,0,0,0,0,0,0,0,0,0,1,1,1,1,1,1,2,2,2,2,0,0,0,0,0,0,0,0,0,0
 Red River ,PHR 4/5N,Non-Border,Rural,12770,12741,12701,12673,12645,12610,12565,12515,12469,12405,0,1,1,0,0,7,8,7,8,8,10,6,5,9,8,4,4,4,5,5,5,1,1,3,4,0,0,0,0,0,0,0,0,0,0,1,2,3,2,2,0,1,1,2,2,0,0,0,0,0,0,0,0,0,0,0,0,0,0,0,0,0,0,0,0
 Reeves ,PHR 9/10,Border,Rural,14686,14869,15081,15287,15501,15707,15931,16150,16363,16578,0,0,0,0,0,3,3,3,3,3,3,2,9,12,9,0,0,0,0,1,1,1,2,2,2,0,0,0,0,0,1,2,2,1,0,0,0,0,0,0,0,0,0,0,0,0,0,0,0,0,0,0,0,0,0,0,0,0,0,0,0,0,0,0,0
 Refugio ,PHR 11,Non-Border,Rural,7475,7505,7529,7554,7563,7573,7589,7603,7609,7629,0,0,0,0,0,0,0,0,0,0,0,1,1,1,1,3,5,5,5,5,5,1,3,3,3,1,1,1,1,1,1,1,1,1,1,0,0,0,0,0,0,0,0,0,0,1,1,1,0,0,0,0,0,0,0,0,0,0,0,0,0,0,0,0,0
 Roberts ,PHR 1,Non-Border,Rural,955,964,974,976,977,983,991,994,997,1003,0,0,0,0,0,0,1,1,1,1,1,1,1,1,0,0,0,0,0,0,0,0,0,1,1,0,0,0,0,0,0,0,0,0,0,1,1,1,1,1,0,0,0,0,0,0,0,0,0,0,0,0,0,0,0,0,0,0,0,0,0,0,0,0,0
 Robertson ,PHR 7,Non-Border,Urban,16713,16744,16791,16823,16856,16888,16924,16936,16952,16977,0,0,0,0,0,6,7,7,8,9,8,5,3,4,5,5,5,5,5,5,5,3,3,2,2,0,0,1,0,0,0,0,0,0,0,0,0,0,0,0,0,1,0,0,0,3,3,3,3,3,2,1,1,1,1,0,0,0,0,0,0,0,0,0,0
 Rockwall ,PHR 2/3,Non-Border,Suburban,89731,92123,94557,97062,99619,102243,104969,107826,110757,113802,13,15,17,21,24,53,59,62,64,69,67,101,90,110,129,65,72,83,91,100,121,149,157,165,170,22,25,23,22,26,29,27,32,36,33,12,16,13,13,14,14,15,16,13,14,12,11,11,9,10,11,19,22,27,26,4,4,3,4,4,4,4,3,4,5
 Runnels ,PHR 2/3,Non-Border,Rural,10726,10774,10822,10890,10948,11009,11072,11137,11200,11259,1,2,2,1,1,8,7,8,9,9,8,8,7,7,7,1,1,2,1,2,2,4,3,3,4,0,0,0,0,0,0,0,0,0,0,0,0,0,0,0,0,1,2,2,1,0,0,0,0,0,0,0,1,1,1,0,0,0,0,0,0,0,0,0,0
 Rusk ,PHR 4/5N,Non-Border,Urban,53046,52986,52941,52892,52822,52767,52713,52648,52584,52527,0,0,0,0,1,18,20,18,20,15,17,30,23,20,17,13,13,15,18,20,24,22,24,20,22,3,3,6,4,3,4,4,2,2,2,4,4,4,3,2,4,4,3,2,2,1,1,1,1,1,1,1,1,2,2,0,0,0,0,0,0,0,0,0,0
 Sabine ,PHR 4/5N,Non-Border,Rural,10372,10283,10201,10116,10019,9936,9840,9752,9660,9569,0,0,0,0,0,2,2,4,4,3,3,5,4,2,3,2,2,3,2,2,2,2,2,3,1,0,0,0,0,0,0,0,0,0,0,0,0,0,0,0,0,0,0,0,0,0,0,0,0,0,0,0,0,0,0,0,0,0,0,0,0,0,0,0,0
 San Augustine ,PHR 4/5N,Non-Border,Rural,8631,8584,8543,8498,8445,8405,8365,8314,8281,8225,0,0,0,0,0,3,3,3,3,3,3,3,3,3,3,2,2,2,2,1,1,2,2,2,1,0,0,0,0,0,0,0,0,0,0,0,0,0,0,0,0,0,0,0,0,0,0,0,0,0,0,0,0,0,0,0,0,0,0,0,0,0,0,0,0
 San Jacinto ,PHR 4/5N,Non-Border,Suburban,27583,27842,28106,28348,28602,28844,29085,29330,29559,29781,0,0,2,2,1,4,4,4,4,4,5,8,5,5,5,4,5,5,5,3,2,5,4,4,3,0,0,0,0,0,0,0,0,0,0,2,2,2,3,2,3,3,2,3,4,0,0,0,0,0,0,0,0,0,0,0,0,0,0,0,0,0,0,0,0
 San Patricio ,PHR 11,Non-Border,Urban,67868,68542,69197,69908,70615,71325,72040,72760,73464,74186,0,0,0,1,2,23,23,21,18,19,21,19,20,20,18,22,25,26,25,27,24,18,15,20,25,6,5,4,4,4,4,3,3,4,3,7,6,5,4,4,5,5,4,5,7,0,0,0,0,0,0,1,1,1,1,2,1,1,0,0,0,2,2,2,2
 San Saba ,PHR 7,Non-Border,Rural,5945,5925,5910,5901,5890,5873,5856,5845,5830,5810,0,0,0,0,0,4,4,4,2,2,2,3,3,3,3,2,2,2,3,3,3,3,0,1,1,0,0,0,0,0,0,0,0,0,0,0,0,0,0,0,0,0,0,0,0,0,0,0,0,0,0,0,0,0,0,0,0,0,0,0,0,0,0,0,0
 Schleicher ,PHR 9/10,Non-Border,Rural,3296,3292,3292,3292,3300,3312,3325,3336,3346,3359,0,0,1,1,1,0,0,0,0,0,0,3,3,1,3,2,2,2,1,2,2,0,0,0,0,0,0,0,0,0,0,0,0,0,0,0,0,0,0,0,0,0,0,0,0,1,1,0,0,0,0,1,1,1,0,0,0,0,0,0,0,0,0,0,0
 Scurry ,PHR 2/3,Non-Border,Rural,17598,17743,17902,18045,18208,18368,18541,18701,18877,19038,1,1,1,1,1,5,4,4,3,3,3,3,5,4,3,1,1,1,2,2,3,1,4,5,7,1,1,1,1,1,1,1,1,1,1,1,1,1,2,2,2,2,1,1,1,1,1,1,1,1,1,2,2,2,1,0,0,0,0,0,0,0,0,0,0
 Shackelford ,PHR 2/3,Non-Border,Rural,3370,3375,3382,3387,3394,3405,3414,3423,3429,3437,0,0,0,0,0,0,0,0,0,0,0,0,0,0,0,1,1,2,2,2,2,3,3,2,2,0,0,0,0,0,0,0,0,0,0,0,0,0,0,0,0,0,0,0,0,0,0,0,0,0,0,1,1,1,1,0,0,0,0,0,0,0,0,0,0
 Shelby ,PHR 4/5N,Non-Border,Rural,25552,25582,25574,25580,25565,25545,25537,25493,25449,25389,1,2,2,0,0,16,16,17,17,17,16,15,13,13,11,12,13,14,16,17,18,16,15,16,17,0,0,0,0,0,0,0,0,0,0,1,2,1,2,2,2,2,3,3,3,1,1,1,1,1,1,1,1,1,0,0,0,0,0,0,0,0,0,1,0
 Sherman ,PHR 1,Non-Border,Rural,3120,3143,3177,3211,3239,3276,3299,3326,3350,3372,0,0,0,0,0,1,1,1,1,1,1,1,1,0,0,1,0,0,0,0,0,0,0,1,1,0,0,0,0,0,0,0,0,0,0,0,0,0,0,0,0,0,0,2,2,0,0,0,0,0,0,0,0,0,0,0,0,0,0,0,0,0,0,0,0
 Smith ,PHR 4/5N,Non-Border,Urban,222690,225242,227753,230250,232715,235143,237577,239994,242371,244705,16,21,22,23,27,203,204,208,200,203,204,194,211,226,233,178,185,187,203,206,225,232,238,257,274,50,48,45,50,57,57,54,50,56,55,38,36,41,42,42,39,37,36,38,38,23,22,20,21,19,17,21,24,27,30,22,23,22,18,16,21,20,19,27,30
 Somervell ,PHR 2/3,Non-Border,Rural,8832,8917,9002,9101,9194,9294,9388,9482,9591,9695,0,0,0,1,1,8,8,8,9,9,7,4,4,5,5,5,5,5,5,5,5,2,1,2,1,0,0,0,0,1,1,2,2,1,1,0,0,0,0,1,1,2,2,1,1,0,0,0,0,0,0,0,0,0,0,0,0,0,0,0,0,0,0,0,0
 Starr ,PHR 11,Border,Rural,63044,63426,63778,64118,64444,64731,65010,65276,65498,65708,0,1,2,1,1,15,15,15,15,18,18,11,12,14,15,14,13,13,15,16,19,16,15,18,19,0,0,0,0,1,0,0,0,1,1,3,3,3,3,7,6,7,8,7,5,0,0,0,0,0,0,0,0,0,0,1,1,1,1,1,1,1,0,0,0
 Stephens ,PHR 2/3,Non-Border,Rural,9589,9582,9567,9567,9573,9570,9570,9568,9557,9560,0,0,0,0,0,3,2,2,2,2,2,3,4,3,3,4,3,3,4,5,5,2,5,6,7,0,0,0,0,0,0,0,0,0,1,1,0,0,0,0,0,0,0,0,1,0,0,0,0,0,0,0,0,0,0,0,0,0,0,0,0,0,0,0,0
 Sterling ,PHR 9/10,Non-Border,Rural,1199,1209,1218,1227,1238,1252,1257,1269,1275,1282,1,1,0,0,0,0,0,0,1,1,1,0,0,1,1,0,0,0,0,0,0,0,0,0,0,0,0,0,1,1,0,0,0,0,0,0,0,0,0,0,0,0,0,0,0,0,0,0,0,0,0,0,0,0,0,0,0,0,0,0,0,0,0,0,0
 Stonewall ,PHR 2/3,Non-Border,Rural,1498,1506,1511,1513,1519,1523,1524,1525,1530,1530,0,0,0,0,0,1,1,1,1,0,1,0,0,0,0,0,0,0,0,0,0,3,3,3,1,0,0,0,0,0,0,0,0,0,0,0,0,0,0,0,0,0,0,0,0,0,0,0,0,0,0,0,0,0,0,0,0,0,0,0,0,0,0,0,0
 Sutton ,PHR 9/10,Border,Rural,4221,4255,4295,4325,4350,4381,4406,4431,4449,4466,1,1,1,1,0,0,0,0,0,0,0,0,0,0,0,0,0,0,0,0,0,0,1,1,0,0,0,0,0,0,0,0,0,0,0,0,0,0,0,0,0,0,0,0,0,0,0,0,0,0,0,0,0,0,0,0,0,0,0,0,0,0,0,0,0
 Swisher ,PHR 1,Non-Border,Rural,7576,7541,7515,7486,7444,7414,7365,7328,7295,7257,1,1,0,0,0,2,2,1,2,2,2,2,2,2,2,1,1,1,1,1,1,1,2,3,2,0,0,0,0,0,0,0,0,0,0,0,0,0,0,0,0,0,0,0,0,0,0,0,0,0,0,0,0,0,0,0,0,0,0,0,0,0,0,0,0
 Tarrant ,PHR 2/3,Non-Border,Urban,1973526,2006888,2040538,2074551,2108938,2143755,2178720,2214148,2249878,2285993,147,181,203,240,298,2118,2213,2341,2421,2503,2543,2414,2479,2605,2800,1356,1497,1575,1727,1802,1977,1871,1943,2054,2184,335,345,352,360,372,360,365,369,371,382,180,187,186,183,211,210,215,209,212,209,267,272,281,284,286,290,313,339,359,388,127,134,126,126,137,146,154,149,163,183
 Taylor ,PHR 2/3,Non-Border,Urban,135587,136337,137105,137915,138697,139457,140207,140957,141675,142360,19,21,19,18,21,187,194,197,194,189,195,177,188,197,205,175,176,183,188,193,204,176,179,183,194,28,28,29,29,25,23,23,24,23,21,24,26,27,27,25,24,25,26,25,25,59,59,62,59,64,67,55,61,58,58,7,9,8,9,9,10,9,9,8,7
 Terrell ,PHR 9/10,Border,Rural,1022,1031,1040,1044,1048,1054,1057,1058,1057,1057,0,0,0,0,0,0,0,0,0,0,0,0,0,0,0,0,0,0,0,0,0,0,0,0,0,0,0,0,0,0,0,0,0,0,0,0,0,0,0,0,0,0,0,0,0,0,0,0,0,0,0,0,0,0,0,0,0,0,0,0,0,0,0,0,0
 Terry ,PHR 1,Non-Border,Rural,12834,12877,12915,12961,13001,13040,13096,13161,13220,13280,0,0,0,0,0,1,1,1,1,0,1,3,4,4,4,0,0,0,0,0,0,2,1,1,0,0,0,0,0,0,0,0,0,0,0,0,0,0,0,0,0,0,0,0,0,0,0,0,0,0,0,1,1,0,0,0,0,0,0,0,0,0,0,0,0
 Throckmorton ,PHR 2/3,Non-Border,Rural,1556,1551,1548,1537,1528,1519,1513,1506,1500,1493,0,0,0,0,0,0,0,0,0,0,0,1,1,1,1,1,1,0,1,1,1,0,0,0,0,0,0,0,0,0,0,0,0,0,0,0,0,0,0,0,0,0,0,0,0,1,1,1,1,1,1,0,0,0,0,0,0,0,0,0,0,0,0,0,0
 Titus ,PHR 4/5N,Non-Border,Rural,32731,32805,32855,32896,32934,32953,32989,33005,33009,33010,1,1,2,2,2,24,27,24,28,28,28,18,25,26,25,21,22,22,21,23,24,18,21,19,20,0,0,1,0,0,0,0,0,1,1,2,2,2,1,1,1,1,1,1,1,1,1,1,1,1,1,1,1,1,1,2,2,2,1,1,2,1,1,1,1
 Tom Green ,PHR 9/10,Non-Border,Urban,116140,117499,118925,120367,121814,123276,124765,126243,127703,129190,16,18,19,19,21,95,101,104,106,107,115,109,121,123,128,102,107,109,115,117,127,110,107,111,115,29,29,29,28,28,29,26,26,27,25,14,14,16,16,16,16,19,21,19,21,8,8,7,6,6,5,5,4,4,6,9,7,9,10,10,10,10,8,9,9
 Travis ,PHR 7,Non-Border,Urban,1157447,1184722,1211795,1238590,1265178,1291502,1317306,1342801,1368139,1393318,285,323,351,372,402,2566,2614,2706,2743,2805,2865,2635,2715,2843,3001,1305,1373,1480,1616,1686,1890,1724,1820,1956,2060,715,730,735,744,761,760,744,743,762,754,235,235,244,256,255,267,268,261,257,276,354,373,387,405,419,420,420,447,459,481,221,219,233,239,238,244,253,264,298,299
 Trinity ,PHR 4/5N,Non-Border,Rural,14429,14404,14371,14321,14285,14233,14183,14122,14063,13998,1,1,1,1,0,3,3,3,2,1,1,2,1,2,4,4,5,4,4,3,3,7,7,6,6,0,1,0,0,0,0,0,0,0,0,1,1,1,2,2,2,2,2,1,1,0,0,0,0,0,0,1,1,1,1,0,0,0,0,0,0,0,0,0,0
 Tyler ,PHR 4/5N,Non-Border,Rural,21503,21473,21446,21396,21379,21343,21313,21278,21214,21139,0,0,0,0,0,5,6,7,8,8,8,7,8,6,4,7,8,7,7,7,6,10,8,8,7,1,1,1,1,1,2,2,1,1,1,0,0,0,0,0,0,0,1,0,0,0,0,0,1,1,1,1,1,1,1,0,0,0,0,0,0,0,0,0,0
 Upshur ,PHR 4/5N,Non-Border,Urban,40422,40659,40887,41140,41389,41655,41899,42145,42416,42648,0,0,0,0,1,14,15,15,14,15,14,17,14,16,14,14,15,17,17,16,17,20,18,17,17,3,1,0,0,0,0,0,1,1,0,7,7,8,8,10,10,10,8,7,6,0,0,0,0,0,0,2,5,5,3,1,1,1,1,2,1,1,2,1,0
 Upton ,PHR 9/10,Non-Border,Rural,3645,3711,3780,3853,3916,3983,4056,4127,4184,4260,0,0,0,0,0,1,1,0,0,0,0,0,2,2,0,0,0,0,0,0,0,0,0,0,0,0,0,0,0,0,0,0,0,0,0,0,0,0,0,0,0,0,0,0,0,0,0,0,0,0,0,0,0,0,0,0,0,0,0,0,0,0,0,0,0
 Uvalde ,PHR 8,Border,Rural,27040,27181,27339,27541,27729,27937,28166,28411,28659,28917,0,0,0,0,0,13,10,10,9,10,10,13,14,11,10,17,16,16,15,16,15,15,15,20,21,4,3,3,2,3,2,2,2,2,2,5,3,4,4,4,4,4,4,6,6,1,1,1,1,1,1,0,0,1,1,0,0,1,1,1,1,1,1,1,2
 Val Verde ,PHR 8,Border,Rural,48649,48564,48482,48408,48334,48253,48180,48098,48025,47901,2,3,1,1,3,14,15,19,16,17,15,11,12,14,15,11,12,10,10,10,18,11,13,13,16,0,1,1,1,1,1,0,0,0,0,1,1,1,1,2,2,1,1,1,1,1,1,1,1,1,1,1,1,1,2,1,0,1,2,1,1,1,1,1,1
 Van Zandt ,PHR 4/5N,Non-Border,Rural,54009,54304,54600,54886,55170,55469,55778,56056,56353,56626,3,3,2,2,3,27,25,24,23,23,22,19,21,19,18,15,18,17,21,20,26,23,27,33,34,2,2,0,1,1,2,2,0,0,0,3,1,1,2,3,3,4,3,2,1,4,4,4,4,4,4,4,4,4,3,1,1,1,1,0,0,0,0,0,0
 Victoria ,PHR 8,Non-Border,Urban,91894,93015,94187,95346,96533,97744,98869,100022,101205,102349,3,3,4,4,4,67,68,64,61,58,60,47,46,47,47,70,71,76,85,88,94,87,85,92,93,23,22,21,20,19,17,14,14,11,13,21,21,21,25,22,23,21,19,20,21,7,7,6,7,6,4,3,3,2,2,4,5,3,2,3,3,3,3,2,1
 Walker ,PHR 6/5S,Non-Border,Rural,70407,71016,71699,72447,73219,73997,74751,75503,76250,77007,1,2,2,3,6,33,34,32,31,32,29,22,22,24,26,71,73,67,76,77,77,63,63,58,62,27,28,26,29,28,29,26,24,25,23,10,12,13,11,11,12,9,8,11,16,9,7,7,7,7,7,5,4,5,4,2,2,2,2,1,1,2,2,1,1
 Waller ,PHR 6/5S,Non-Border,Suburban,46782,47553,48346,49136,49950,50731,51529,52280,53060,53842,1,1,1,4,7,14,14,14,12,13,12,22,15,15,20,17,19,20,20,21,19,23,20,19,24,2,2,1,1,0,1,1,3,5,4,2,3,4,3,5,6,7,9,9,7,1,2,2,1,1,1,2,1,3,2,2,2,2,2,2,2,2,2,2,1
 Ward ,PHR 9/10,Non-Border,Rural,11914,12217,12543,12880,13230,13592,13986,14383,14798,15226,0,0,0,0,0,2,1,1,1,1,1,1,1,0,0,0,0,0,1,1,1,1,1,1,1,1,1,0,0,0,0,0,0,0,0,0,0,1,0,0,0,0,0,0,0,0,0,0,0,0,0,0,0,0,0,0,0,0,0,0,0,0,0,0,0
 Washington ,PHR 7,Non-Border,Rural,34373,34545,34698,34859,35010,35155,35306,35421,35536,35650,3,3,3,3,2,21,20,20,17,18,20,17,23,22,20,17,15,15,15,14,17,22,21,23,24,4,4,3,3,2,3,2,3,3,3,4,4,4,4,4,4,3,4,3,6,3,2,2,2,2,2,3,4,4,5,1,1,3,3,2,2,3,2,3,2
 Webb ,PHR 11,Border,Urban,262486,265200,267971,270758,273467,276183,278650,281099,283493,285852,3,3,5,5,4,76,80,84,85,85,83,76,83,84,90,76,90,100,106,115,133,123,123,141,161,12,11,11,13,12,12,11,11,12,13,8,9,9,9,10,11,12,12,13,14,2,2,2,2,2,3,1,2,2,2,6,7,8,11,9,8,7,7,10,11
 Wharton ,PHR 6/5S,Non-Border,Rural,41645,41709,41777,41833,41883,41941,41999,42045,42092,42143,3,1,1,0,2,23,20,21,18,18,17,11,8,8,10,19,19,20,22,24,25,26,24,23,24,1,1,1,1,1,1,1,1,1,1,5,7,8,5,5,6,7,7,8,9,3,3,3,3,2,2,1,1,2,3,0,1,1,1,1,1,1,0,0,0
 Wheeler ,PHR 1,Non-Border,Rural,5599,5643,5680,5712,5751,5783,5813,5841,5869,5901,0,0,0,0,0,2,2,2,1,1,1,1,1,1,1,0,0,0,0,0,1,0,0,0,0,0,0,0,0,0,0,0,0,0,0,0,0,0,0,0,1,1,1,1,1,0,0,0,0,0,0,0,0,0,0,0,0,0,0,0,0,0,0,0,0
 Wichita ,PHR 2/3,Non-Border,Urban,132213,132433,132632,132841,133012,133138,133234,133297,133295,133281,17,19,18,18,24,206,208,213,211,203,204,168,165,170,188,126,128,124,136,142,158,151,151,160,163,41,38,40,37,40,38,39,34,30,28,9,11,11,10,10,11,13,12,11,12,21,22,23,22,23,21,18,20,20,18,25,24,23,22,23,24,19,20,22,23
 Wilbarger ,PHR 2/3,Non-Border,Rural,13266,13212,13181,13130,13085,13038,12973,12913,12838,12772,0,0,0,0,0,42,43,45,41,42,35,34,34,32,31,14,14,15,14,14,14,13,12,11,14,5,7,6,6,7,6,5,4,2,2,0,0,1,1,1,1,1,1,1,1,0,0,0,0,0,0,0,0,0,0,6,3,4,5,5,5,4,6,5,6
 Willacy ,PHR 11,Border,Rural,22166,22184,22174,22162,22157,22134,22115,22089,22053,22020,0,0,0,0,0,12,15,14,16,17,17,13,11,13,14,5,5,6,7,10,11,10,9,10,10,1,1,1,1,1,0,0,0,0,0,2,2,2,2,3,0,0,0,2,2,0,0,0,0,0,0,0,0,0,0,0,0,0,0,0,0,0,0,0,0
 Williamson ,PHR 7,Non-Border,Suburban,500485,517263,534550,552353,570803,589914,609818,630580,652186,674661,104,127,163,189,199,398,406,444,452,477,506,629,633,687,758,334,359,384,431,473,529,633,664,711,751,88,92,87,99,109,111,124,135,130,130,116,118,107,110,113,111,116,127,138,142,65,70,76,79,86,94,129,147,176,184,33,37,42,44,45,50,57,53,55,59
 Wilson ,PHR 8,Non-Border,Suburban,47206,48091,48995,49908,50837,51802,52777,53799,54807,55845,3,3,4,6,10,23,21,22,23,27,28,36,31,28,27,22,19,22,23,26,28,34,33,37,37,1,1,2,2,3,2,0,0,0,1,9,9,9,5,4,5,5,5,7,9,4,4,4,5,5,5,3,4,5,4,1,1,1,2,1,1,1,1,1,1
 Winkler ,PHR 9/10,Non-Border,Rural,8062,8278,8509,8754,9022,9295,9569,9854,10146,10435,0,0,0,0,0,1,1,1,1,1,1,0,0,0,0,0,0,0,0,1,0,0,0,0,0,0,0,0,0,0,0,0,0,0,0,0,0,0,0,0,0,0,0,0,0,0,0,0,0,0,0,0,0,0,0,0,0,0,0,0,0,0,0,0,0
 Wise ,PHR 2/3,Non-Border,Suburban,62467,63146,63820,64505,65160,65807,66500,67160,67825,68481,2,3,3,3,5,34,33,34,35,34,37,41,41,41,47,18,22,24,29,35,36,42,41,40,38,2,3,3,3,3,2,2,1,1,0,2,2,2,2,3,3,2,3,4,4,2,3,3,3,2,2,2,3,3,5,2,2,2,2,2,2,2,2,2,2
 Wood ,PHR 4/5N,Non-Border,Rural,43677,44009,44331,44666,44993,45292,45611,45896,46166,46425,1,2,2,2,2,15,16,18,18,17,18,29,24,23,23,16,19,18,23,23,29,25,21,21,24,4,4,4,4,3,5,6,5,2,3,2,1,2,3,6,4,4,4,4,4,4,4,5,5,6,6,4,3,4,4,0,0,0,0,0,0,0,0,0,0
 Yoakum ,PHR 1,Non-Border,Rural,8449,8599,8752,8899,9060,9225,9404,9579,9763,9944,0,0,0,0,0,0,0,0,0,0,0,1,1,1,1,1,1,1,1,1,1,1,1,1,1,0,0,0,0,0,0,0,0,0,0,1,0,0,0,0,1,0,0,0,0,0,0,0,0,0,0,0,0,0,0,0,0,0,0,0,0,0,0,0,0
 Young ,PHR 2/3,Non-Border,Rural,18571,18603,18640,18667,18695,18712,18730,18760,18779,18814,0,0,0,0,0,18,18,17,16,18,16,16,13,10,12,10,10,10,11,11,10,10,12,14,12,3,3,2,3,3,3,3,3,3,3,0,0,1,1,1,1,1,1,1,1,1,1,1,1,1,1,0,0,0,0,0,0,0,0,0,0,0,0,0,0
 Zapata ,PHR 11,Border,Rural,14282,14327,14353,14377,14403,14409,14418,14430,14428,14424,0,0,0,0,0,0,0,0,0,0,0,0,1,1,1,2,1,1,1,1,1,0,0,0,0,0,0,0,0,0,0,0,0,0,0,0,0,0,0,0,0,0,0,0,0,0,0,0,0,0,0,0,0,0,0,0,0,0,0,0,0,0,0,0,0
 Zavala ,PHR 8,Border,Rural,12180,12275,12368,12472,12572,12682,12780,12879,12978,13068,0,0,0,0,0,3,2,4,3,3,3,2,1,1,1,1,1,1,1,1,2,4,4,7,8,0,0,0,0,0,0,0,0,0,0,0,0,0,0,0,0,0,0,0,0,0,0,0,0,0,0,0,0,0,0,0,0,0,0,0,0,0,0,0,0
